ID	Label
D1-1	AI
D1-2	Human
D1-3	AI
D1-4	Human
D1-5	AI
D1-6	Human
D1-7	AI
D1-8	Human
D1-9	AI
D1-10	Human
D1-11	AI
D1-12	Human
D1-13	AI
D1-14	Human
D1-15	AI
D1-16	Human
D1-17	AI
D1-18	Human
D1-19	AI
D1-20	Human
D1-21	AI
D1-22	Human
D1-23	AI
D1-24	Human
D1-25	AI
D1-26	Human
D1-27	AI
D1-28	Human
D1-29	AI
D1-30	Human
D1-31	AI
D1-32	Human
D1-33	AI
D1-34	Human
D1-35	AI
D1-36	Human
D1-37	AI
D1-38	Human
D1-39	AI
D1-40	Human
D1-41	AI
D1-42	Human
D1-43	AI
D1-44	Human
D1-45	AI
D1-46	Human
D1-47	AI
D1-48	Human
D1-49	AI
D1-50	Human
D1-51	AI
D1-52	Human
D1-53	AI
D1-54	Human
D1-55	AI
D1-56	Human
D1-57	AI
D1-58	Human
D1-59	AI
D1-60	Human
D1-61	AI
D1-62	Human
D1-63	AI
D1-64	Human
D1-65	AI
D1-66	Human
D1-67	AI
D1-68	Human
D1-69	AI
D1-70	Human
D1-71	AI
D1-72	Human
D1-73	AI
D1-74	Human
D1-75	AI
D1-76	Human
D1-77	AI
D1-78	Human
D1-79	AI
D1-80	Human
D1-81	AI
D1-82	Human
D1-83	AI
D1-84	Human
D1-85	AI
D1-86	Human
D1-87	AI
D1-88	Human
D1-89	AI
D1-90	Human
D1-91	AI
D1-92	Human
D1-93	AI
D1-94	Human
D1-95	AI
D1-96	Human
D1-97	AI
D1-98	Human
D1-99	AI
D1-100	Human
D1-101	AI
D1-102	Human
D1-103	AI
D1-104	Human
D1-105	AI
D1-106	Human
D1-107	AI
D1-108	Human
D1-109	AI
D1-110	Human
D1-111	AI
D1-112	Human
D1-113	AI
D1-114	Human
D1-115	AI
D1-116	Human
D1-117	AI
D1-118	Human
D1-119	AI
D1-120	Human
D1-121	AI
D1-122	Human
D1-123	AI
D1-124	Human
D1-125	AI
D1-126	Human
D1-127	AI
D1-128	Human
D1-129	AI
D1-130	Human
D1-131	AI
D1-132	Human
D1-133	AI
D1-134	Human
D1-135	AI
D1-136	Human
D1-137	AI
D1-138	Human
D1-139	AI
D1-140	Human
D1-141	AI
D1-142	Human
D1-143	AI
D1-144	Human
D1-145	AI
D1-146	Human
D1-147	AI
D1-148	Human
D1-149	AI
D1-150	Human
D1-151	AI
D1-152	Human
D1-153	AI
D1-154	Human
D1-155	AI
D1-156	Human
D1-157	AI
D1-158	Human
D1-159	AI
D1-160	Human
D1-161	AI
D1-162	Human
D1-163	AI
D1-164	Human
D1-165	AI
D1-166	Human
D1-167	AI
D1-168	Human
D1-169	AI
D1-170	Human
D1-171	AI
D1-172	Human
D1-173	AI
D1-174	Human
D1-175	AI
D1-176	Human
D1-177	AI
D1-178	Human
D1-179	AI
D1-180	Human
D1-181	AI
D1-182	Human
D1-183	AI
D1-184	Human
D1-185	AI
D1-186	Human
D1-187	AI
D1-188	Human
D1-189	AI
D1-190	Human
D1-191	AI
D1-192	Human
D1-193	AI
D1-194	Human
D1-195	AI
D1-196	Human
D1-197	AI
D1-198	Human
D1-199	AI
D1-200	Human
D1-201	AI
D1-202	Human
D1-203	AI
D1-204	Human
D1-205	AI
D1-206	Human
D1-207	AI
D1-208	Human
D1-209	AI
D1-210	Human
D1-211	AI
D1-212	Human
D1-213	AI
D1-214	Human
D1-215	AI
D1-216	Human
D1-217	AI
D1-218	Human
D1-219	AI
D1-220	Human
D1-221	AI
D1-222	Human
D1-223	AI
D1-224	Human
D1-225	AI
D1-226	Human
D1-227	AI
D1-228	Human
D1-229	AI
D1-230	Human
D1-231	AI
D1-232	Human
D1-233	AI
D1-234	Human
D1-235	AI
D1-236	Human
D1-237	AI
D1-238	Human
D1-239	AI
D1-240	Human
D1-241	AI
D1-242	Human
D1-243	AI
D1-244	Human
D1-245	AI
D1-246	Human
D1-247	AI
D1-248	Human
D1-249	AI
D1-250	Human
D1-251	AI
D1-252	Human
D1-253	AI
D1-254	Human
D1-255	AI
D1-256	Human
D1-257	AI
D1-258	Human
D1-259	AI
D1-260	Human
D1-261	AI
D1-262	Human
D1-263	AI
D1-264	Human
D1-265	AI
D1-266	Human
D1-267	AI
D1-268	Human
D1-269	AI
D1-270	Human
D1-271	AI
D1-272	Human
D1-273	AI
D1-274	Human
D1-275	AI
D1-276	Human
D1-277	AI
D1-278	Human
D1-279	AI
D1-280	Human
D1-281	AI
D1-282	Human
D1-283	AI
D1-284	Human
D1-285	AI
D1-286	Human
D1-287	AI
D1-288	Human
D1-289	AI
D1-290	Human
D1-291	AI
D1-292	Human
D1-293	AI
D1-294	Human
D1-295	AI
D1-296	Human
D1-297	AI
D1-298	Human
D1-299	AI
D1-300	Human
D1-301	AI
D1-302	Human
D1-303	AI
D1-304	Human
D1-305	AI
D1-306	Human
D1-307	AI
D1-308	Human
D1-309	AI
D1-310	Human
D1-311	AI
D1-312	Human
D1-313	AI
D1-314	Human
D1-315	AI
D1-316	Human
D1-317	AI
D1-318	Human
D1-319	AI
D1-320	Human
D1-321	AI
D1-322	Human
D1-323	AI
D1-324	Human
D1-325	AI
D1-326	Human
D1-327	AI
D1-328	Human
D1-329	AI
D1-330	Human
D1-331	AI
D1-332	Human
D1-333	AI
D1-334	Human
D1-335	AI
D1-336	Human
D1-337	AI
D1-338	Human
D1-339	AI
D1-340	Human
D1-341	AI
D1-342	Human
D1-343	AI
D1-344	Human
D1-345	AI
D1-346	Human
D1-347	AI
D1-348	Human
D1-349	AI
D1-350	Human
D1-351	AI
D1-352	Human
D1-353	AI
D1-354	Human
D1-355	AI
D1-356	Human
D1-357	AI
D1-358	Human
D1-359	AI
D1-360	Human
D1-361	AI
D1-362	Human
D1-363	AI
D1-364	Human
D1-365	AI
D1-366	Human
D1-367	AI
D1-368	Human
D1-369	AI
D1-370	Human
D1-371	AI
D1-372	Human
D1-373	AI
D1-374	Human
D1-375	AI
D1-376	Human
D1-377	AI
D1-378	Human
D1-379	AI
D1-380	Human
D1-381	AI
D1-382	Human
D1-383	AI
D1-384	Human
D1-385	AI
D1-386	Human
D1-387	AI
D1-388	Human
D1-389	AI
D1-390	Human
D1-391	AI
D1-392	Human
D1-393	AI
D1-394	Human
D1-395	AI
D1-396	Human
D1-397	AI
D1-398	Human
D1-399	AI
D1-400	Human
D1-401	AI
D1-402	Human
D1-403	AI
D1-404	Human
D1-405	AI
D1-406	Human
D1-407	AI
D1-408	Human
D1-409	AI
D1-410	Human
D1-411	AI
D1-412	Human
D1-413	AI
D1-414	Human
D1-415	AI
D1-416	Human
D1-417	AI
D1-418	Human
D1-419	AI
D1-420	Human
D1-421	AI
D1-422	Human
D1-423	AI
D1-424	Human
D1-425	AI
D1-426	Human
D1-427	AI
D1-428	Human
D1-429	AI
D1-430	Human
D1-431	AI
D1-432	Human
D1-433	AI
D1-434	Human
D1-435	AI
D1-436	Human
D1-437	AI
D1-438	Human
D1-439	AI
D1-440	Human
D1-441	AI
D1-442	Human
D1-443	AI
D1-444	Human
D1-445	AI
D1-446	Human
D1-447	AI
D1-448	Human
D1-449	AI
D1-450	Human
D1-451	AI
D1-452	Human
D1-453	AI
D1-454	Human
D1-455	AI
D1-456	Human
D1-457	AI
D1-458	Human
D1-459	AI
D1-460	Human
D1-461	AI
D1-462	Human
D1-463	AI
D1-464	Human
D1-465	AI
D1-466	Human
D1-467	AI
D1-468	Human
D1-469	AI
D1-470	Human
D1-471	AI
D1-472	Human
D1-473	AI
D1-474	Human
D1-475	AI
D1-476	Human
D1-477	AI
D1-478	Human
D1-479	AI
D1-480	Human
D1-481	AI
D1-482	Human
D1-483	AI
D1-484	Human
D1-485	AI
D1-486	Human
D1-487	AI
D1-488	Human
D1-489	AI
D1-490	Human
D1-491	AI
D1-492	Human
D1-493	AI
D1-494	Human
D1-495	AI
D1-496	Human
D1-497	AI
D1-498	Human
D1-499	AI
D1-500	Human
D1-501	AI
D1-502	Human
D1-503	AI
D1-504	Human
D1-505	AI
D1-506	Human
D1-507	AI
D1-508	Human
D1-509	AI
D1-510	Human
D1-511	AI
D1-512	Human
D1-513	AI
D1-514	Human
D1-515	AI
D1-516	Human
D1-517	AI
D1-518	Human
D1-519	AI
D1-520	Human
D1-521	AI
D1-522	Human
D1-523	AI
D1-524	Human
D1-525	AI
D1-526	Human
D1-527	AI
D1-528	Human
D1-529	AI
D1-530	Human
D1-531	AI
D1-532	Human
D1-533	AI
D1-534	Human
D1-535	AI
D1-536	Human
D1-537	AI
D1-538	Human
D1-539	AI
D1-540	Human
D1-541	AI
D1-542	Human
D1-543	AI
D1-544	Human
D1-545	AI
D1-546	Human
D1-547	AI
D1-548	Human
D1-549	AI
D1-550	Human
D1-551	AI
D1-552	Human
D1-553	AI
D1-554	Human
D1-555	AI
D1-556	Human
D1-557	AI
D1-558	Human
D1-559	AI
D1-560	Human
D1-561	AI
D1-562	Human
D1-563	AI
D1-564	Human
D1-565	AI
D1-566	Human
D1-567	AI
D1-568	Human
D1-569	AI
D1-570	Human
D1-571	AI
D1-572	Human
D1-573	AI
D1-574	Human
D1-575	AI
D1-576	Human
D1-577	AI
D1-578	Human
D1-579	AI
D1-580	Human
D1-581	AI
D1-582	Human
D1-583	AI
D1-584	Human
D1-585	AI
D1-586	Human
D1-587	AI
D1-588	Human
D1-589	AI
D1-590	Human
D1-591	AI
D1-592	Human
D1-593	AI
D1-594	Human
D1-595	AI
D1-596	Human
D1-597	AI
D1-598	Human
D1-599	AI
D1-600	Human
D1-601	AI
D1-602	Human
D1-603	AI
D1-604	Human
D1-605	AI
D1-606	Human
D1-607	AI
D1-608	Human
D1-609	AI
D1-610	Human
D1-611	AI
D1-612	Human
D1-613	AI
D1-614	Human
D1-615	AI
D1-616	Human
D1-617	AI
D1-618	Human
D1-619	AI
D1-620	Human
D1-621	AI
D1-622	Human
D1-623	AI
D1-624	Human
D1-625	AI
D1-626	Human
D1-627	AI
D1-628	Human
D1-629	AI
D1-630	Human
D1-631	AI
D1-632	Human
D1-633	AI
D1-634	Human
D1-635	AI
D1-636	Human
D1-637	AI
D1-638	Human
D1-639	AI
D1-640	Human
D1-641	AI
D1-642	Human
D1-643	AI
D1-644	Human
D1-645	AI
D1-646	Human
D1-647	AI
D1-648	Human
D1-649	AI
D1-650	Human
D1-651	AI
D1-652	Human
D1-653	AI
D1-654	Human
D1-655	AI
D1-656	Human
D1-657	AI
D1-658	Human
D1-659	AI
D1-660	Human
D1-661	AI
D1-662	Human
D1-663	AI
D1-664	Human
D1-665	AI
D1-666	Human
D1-667	AI
D1-668	Human
D1-669	AI
D1-670	Human
D1-671	AI
D1-672	Human
D1-673	AI
D1-674	Human
D1-675	AI
D1-676	Human
D1-677	AI
D1-678	Human
D1-679	AI
D1-680	Human
D1-681	AI
D1-682	Human
D1-683	AI
D1-684	Human
D1-685	AI
D1-686	Human
D1-687	AI
D1-688	Human
D1-689	AI
D1-690	Human
D1-691	AI
D1-692	Human
D1-693	AI
D1-694	Human
D1-695	AI
D1-696	Human
D1-697	AI
D1-698	Human
D1-699	AI
D1-700	Human
D1-701	AI
D1-702	Human
D1-703	AI
D1-704	Human
D1-705	AI
D1-706	Human
D1-707	AI
D1-708	Human
D1-709	AI
D1-710	Human
D1-711	AI
D1-712	Human
D1-713	AI
D1-714	Human
D1-715	AI
D1-716	Human
D1-717	AI
D1-718	Human
D1-719	AI
D1-720	Human
D1-721	AI
D1-722	Human
D1-723	AI
D1-724	Human
D1-725	AI
D1-726	Human
D1-727	AI
D1-728	Human
D1-729	AI
D1-730	Human
D1-731	AI
D1-732	Human
D1-733	AI
D1-734	Human
D1-735	AI
D1-736	Human
D1-737	AI
D1-738	Human
D1-739	AI
D1-740	Human
D1-741	AI
D1-742	Human
D1-743	AI
D1-744	Human
D1-745	AI
D1-746	Human
D1-747	AI
D1-748	Human
D1-749	AI
D1-750	Human
D1-751	AI
D1-752	Human
D1-753	AI
D1-754	Human
D1-755	AI
D1-756	Human
D1-757	AI
D1-758	Human
D1-759	AI
D1-760	Human
D1-761	AI
D1-762	Human
D1-763	AI
D1-764	Human
D1-765	AI
D1-766	Human
D1-767	AI
D1-768	Human
D1-769	AI
D1-770	Human
D1-771	AI
D1-772	Human
D1-773	AI
D1-774	Human
D1-775	AI
D1-776	Human
D1-777	AI
D1-778	Human
D1-779	AI
D1-780	Human
D1-781	AI
D1-782	Human
D1-783	AI
D1-784	Human
D1-785	AI
D1-786	Human
D1-787	AI
D1-788	Human
D1-789	AI
D1-790	Human
D1-791	AI
D1-792	Human
D1-793	AI
D1-794	Human
D1-795	AI
D1-796	Human
D1-797	AI
D1-798	Human
D1-799	AI
D1-800	Human
D1-801	AI
D1-802	Human
D1-803	AI
D1-804	Human
D1-805	AI
D1-806	Human
D1-807	AI
D1-808	Human
D1-809	AI
D1-810	Human
D1-811	AI
D1-812	Human
D1-813	AI
D1-814	Human
D1-815	AI
D1-816	Human
D1-817	AI
D1-818	Human
D1-819	AI
D1-820	Human
D1-821	AI
D1-822	Human
D1-823	AI
D1-824	Human
D1-825	AI
D1-826	Human
D1-827	AI
D1-828	Human
D1-829	AI
D1-830	Human
D1-831	AI
D1-832	Human
D1-833	AI
D1-834	Human
D1-835	AI
D1-836	Human
D1-837	AI
D1-838	Human
D1-839	AI
D1-840	Human
D1-841	AI
D1-842	Human
D1-843	AI
D1-844	Human
D1-845	AI
D1-846	Human
D1-847	AI
D1-848	Human
D1-849	AI
D1-850	Human
D1-851	AI
D1-852	Human
D1-853	AI
D1-854	Human
D1-855	AI
D1-856	Human
D1-857	AI
D1-858	Human
D1-859	AI
D1-860	Human
D1-861	AI
D1-862	Human
D1-863	AI
D1-864	Human
D1-865	AI
D1-866	Human
D1-867	AI
D1-868	Human
D1-869	AI
D1-870	Human
D1-871	AI
D1-872	Human
D1-873	AI
D1-874	Human
D1-875	AI
D1-876	Human
D1-877	AI
D1-878	Human
D1-879	AI
D1-880	Human
D1-881	AI
D1-882	Human
D1-883	AI
D1-884	Human
D1-885	AI
D1-886	Human
D1-887	AI
D1-888	Human
D1-889	AI
D1-890	Human
D1-891	AI
D1-892	Human
D1-893	AI
D1-894	Human
D1-895	AI
D1-896	Human
D1-897	AI
D1-898	Human
D1-899	AI
D1-900	Human
D1-901	AI
D1-902	Human
D1-903	AI
D1-904	Human
D1-905	AI
D1-906	Human
D1-907	AI
D1-908	Human
D1-909	AI
D1-910	Human
D1-911	AI
D1-912	Human
D1-913	AI
D1-914	Human
D1-915	AI
D1-916	Human
D1-917	AI
D1-918	Human
D1-919	AI
D1-920	Human
D1-921	AI
D1-922	Human
D1-923	AI
D1-924	Human
D1-925	AI
D1-926	Human
D1-927	AI
D1-928	Human
D1-929	AI
D1-930	Human
D1-931	AI
D1-932	Human
D1-933	AI
D1-934	Human
D1-935	AI
D1-936	Human
D1-937	AI
D1-938	Human
D1-939	AI
D1-940	Human
D1-941	AI
D1-942	Human
D1-943	AI
D1-944	Human
D1-945	AI
D1-946	Human
D1-947	AI
D1-948	Human
D1-949	AI
D1-950	Human
D1-951	AI
D1-952	Human
D1-953	AI
D1-954	Human
D1-955	AI
D1-956	Human
D1-957	AI
D1-958	Human
D1-959	AI
D1-960	Human
D1-961	AI
D1-962	Human
D1-963	AI
D1-964	Human
D1-965	AI
D1-966	Human
D1-967	AI
D1-968	Human
D1-969	AI
D1-970	Human
D1-971	AI
D1-972	Human
D1-973	AI
D1-974	Human
D1-975	AI
D1-976	Human
D1-977	AI
D1-978	Human
D1-979	AI
D1-980	Human
D1-981	AI
D1-982	Human
D1-983	AI
D1-984	Human
D1-985	AI
D1-986	Human
D1-987	AI
D1-988	Human
D1-989	AI
D1-990	Human
D1-991	AI
D1-992	Human
D1-993	AI
D1-994	Human
D1-995	AI
D1-996	Human
D1-997	AI
D1-998	Human
D1-999	AI
D1-1000	Human
D1-1001 Human
D1-1002 Human
D1-1003 Human
D1-1004 Human
D1-1005 Human
D1-1006 Human
D1-1007 Human
D1-1008 Human
D1-1009 AI
D1-1010 Human
D1-1011 AI
D1-1012 Human
D1-1013 Human
D1-1014 Human
D1-1015 Human
D1-1016 AI
D1-1017 Human
D1-1018 Human
D1-1019 AI
D1-1020 AI
D1-1021 AI
D1-1022 Human
D1-1023 AI
D1-1024 AI
D1-1025 Human
D1-1026 AI
D1-1027 AI
D1-1028 Human
D1-1029 Human
D1-1030 Human
D1-1031 Human
D1-1032 AI
D1-1033 Human
D1-1034 Human
D1-1035 Human
D1-1036 Human
D1-1037 Human
D1-1038 AI
D1-1039 Human
D1-1040 Human
D1-1041 Human
D1-1042 AI
D1-1043 Human
D1-1044 Human
D1-1045 AI
D1-1046 Human
D1-1047 Human
D1-1048 Human
D1-1049 Human
D1-1050 AI
D1-1051 Human
D1-1052 Human
D1-1053 Human
D1-1054 AI
D1-1055 AI
D1-1056 Human
D1-1057 Human
D1-1058 Human
D1-1059 AI
D1-1060 AI
D1-1061 AI
D1-1062 Human
D1-1063 Human
D1-1064 AI
D1-1065 Human
D1-1066 AI
D1-1067 Human
D1-1068 AI
D1-1069 Human
D1-1070 Human
D1-1071 Human
D1-1072 Human
D1-1073 Human
D1-1074 Human
D1-1075 Human
D1-1076 AI
D1-1077 Human
D1-1078 AI
D1-1079 AI
D1-1080 Human
D1-1081 AI
D1-1082 Human
D1-1083 AI
D1-1084 AI
D1-1085 Human
D1-1086 AI
D1-1087 AI
D1-1088 Human
D1-1089 AI
D1-1090 Human
D1-1091 Human
D1-1092 Human
D1-1093 Human
D1-1094 Human
D1-1095 AI
D1-1096 AI
D1-1097 Human
D1-1098 Human
D1-1099 Human
D1-1100 AI
D1-1101 Human
D1-1102 AI
D1-1103 AI
D1-1104 Human
D1-1105 Human
D1-1106 Human
D1-1107 Human
D1-1108 Human
D1-1109 Human
D1-1110 AI
D1-1111 AI
D1-1112 AI
D1-1113 Human
D1-1114 AI
D1-1115 Human
D1-1116 Human
D1-1117 Human
D1-1118 AI
D1-1119 Human
D1-1120 AI
D1-1121 AI
D1-1122 AI
D1-1123 AI
D1-1124 Human
D1-1125 Human
D1-1126 AI
D1-1127 AI
D1-1128 AI
D1-1129 Human
D1-1130 Human
D1-1131 Human
D1-1132 AI
D1-1133 AI
D1-1134 AI
D1-1135 Human
D1-1136 Human
D1-1137 AI
D1-1138 AI
D1-1139 Human
D1-1140 Human
D1-1141 Human
D1-1142 Human
D1-1143 Human
D1-1144 Human
D1-1145 Human
D1-1146 Human
D1-1147 AI
D1-1148 Human
D1-1149 Human
D1-1150 Human
D1-1151 Human
D1-1152 AI
D1-1153 AI
D1-1154 AI
D1-1155 Human
D1-1156 Human
D1-1157 Human
D1-1158 Human
D1-1159 AI
D1-1160 AI
D1-1161 Human
D1-1162 AI
D1-1163 Human
D1-1164 Human
D1-1165 Human
D1-1166 Human
D1-1167 Human
D1-1168 AI
D1-1169 Human
D1-1170 Human
D1-1171 Human
D1-1172 AI
D1-1173 AI
D1-1174 Human
D1-1175 Human
D1-1176 Human
D1-1177 Human
D1-1178 AI
D1-1179 Human
D1-1180 Human
D1-1181 Human
D1-1182 AI
D1-1183 AI
D1-1184 Human
D1-1185 Human
D1-1186 Human
D1-1187 Human
D1-1188 Human
D1-1189 AI
D1-1190 Human
D1-1191 Human
D1-1192 AI
D1-1193 Human
D1-1194 AI
D1-1195 Human
D1-1196 Human
D1-1197 AI
D1-1198 AI
D1-1199 AI
D1-1200 Human
D1-1201 Human
D1-1202 AI
D1-1203 Human
D1-1204 AI
D1-1205 Human
D1-1206 AI
D1-1207 AI
D1-1208 Human
D1-1209 Human
D1-1210 AI
D1-1211 Human
D1-1212 AI
D1-1213 Human
D1-1214 AI
D1-1215 AI
D1-1216 Human
D1-1217 AI
D1-1218 Human
D1-1219 AI
D1-1220 AI
D1-1221 Human
D1-1222 Human
D1-1223 Human
D1-1224 AI
D1-1225 Human
D1-1226 AI
D1-1227 Human
D1-1228 AI
D1-1229 AI
D1-1230 AI
D1-1231 Human
D1-1232 Human
D1-1233 Human
D1-1234 AI
D1-1235 AI
D1-1236 Human
D1-1237 Human
D1-1238 AI
D1-1239 Human
D1-1240 Human
D1-1241 AI
D1-1242 Human
D1-1243 AI
D1-1244 AI
D1-1245 AI
D1-1246 Human
D1-1247 Human
D1-1248 AI
D1-1249 Human
D1-1250 Human
D1-1251 AI
D1-1252 Human
D1-1253 AI
D1-1254 Human
D1-1255 AI
D1-1256 Human
D1-1257 AI
D1-1258 Human
D1-1259 Human
D1-1260 AI
D1-1261 AI
D1-1262 Human
D1-1263 AI
D1-1264 Human
D1-1265 Human
D1-1266 Human
D1-1267 AI
D1-1268 AI
D1-1269 AI
D1-1270 AI
D1-1271 Human
D1-1272 Human
D1-1273 AI
D1-1274 AI
D1-1275 Human
D1-1276 Human
D1-1277 AI
D1-1278 Human
D1-1279 Human
D1-1280 AI
D1-1281 Human
D1-1282 Human
D1-1283 Human
D1-1284 Human
D1-1285 Human
D1-1286 AI
D1-1287 Human
D1-1288 Human
D1-1289 AI
D1-1290 Human
D1-1291 Human
D1-1292 Human
D1-1293 Human
D1-1294 Human
D1-1295 Human
D1-1296 AI
D1-1297 Human
D1-1298 Human
D1-1299 Human
D1-1300 Human
D1-1301 Human
D1-1302 AI
D1-1303 AI
D1-1304 Human
D1-1305 Human
D1-1306 Human
D1-1307 Human
D1-1308 AI
D1-1309 Human
D1-1310 Human
D1-1311 AI
D1-1312 Human
D1-1313 Human
D1-1314 AI
D1-1315 Human
D1-1316 Human
D1-1317 AI
D1-1318 Human
D1-1319 AI
D1-1320 Human
D1-1321 Human
D1-1322 AI
D1-1323 Human
D1-1324 Human
D1-1325 AI
D1-1326 Human
D1-1327 Human
D1-1328 AI
D1-1329 AI
D1-1330 Human
D1-1331 Human
D1-1332 Human
D1-1333 AI
D1-1334 AI
D1-1335 AI
D1-1336 AI
D1-1337 Human
D1-1338 Human
D1-1339 Human
D1-1340 Human
D1-1341 Human
D1-1342 AI
D1-1343 AI
D1-1344 Human
D1-1345 Human
D1-1346 AI
D1-1347 Human
D1-1348 AI
D1-1349 AI
D1-1350 Human
D1-1351 Human
D1-1352 Human
D1-1353 AI
D1-1354 Human
D1-1355 AI
D1-1356 Human
D1-1357 Human
D1-1358 AI
D1-1359 AI
D1-1360 AI
D1-1361 AI
D1-1362 AI
D1-1363 Human
D1-1364 AI
D1-1365 AI
D1-1366 Human
D1-1367 AI
D1-1368 Human
D1-1369 Human
D1-1370 Human
D1-1371 AI
D1-1372 AI
D1-1373 Human
D1-1374 AI
D1-1375 Human
D1-1376 Human
D1-1377 AI
D1-1378 AI
D1-1379 Human
D1-1380 Human
D1-1381 Human
D1-1382 Human
D1-1383 Human
D1-1384 Human
D1-1385 Human
D1-1386 AI
D1-1387 Human
D1-1388 Human
D1-1389 AI
D1-1390 AI
D1-1391 Human
D1-1392 Human
D1-1393 AI
D1-1394 AI
D1-1395 Human
D1-1396 Human
D1-1397 Human
D1-1398 AI
D1-1399 Human
D1-1400 AI
D1-1401 AI
D1-1402 AI
D1-1403 Human
D1-1404 Human
D1-1405 Human
D1-1406 Human
D1-1407 Human
D1-1408 Human
D1-1409 Human
D1-1410 AI
D1-1411 Human
D1-1412 AI
D1-1413 AI
D1-1414 Human
D1-1415 Human
D1-1416 AI
D1-1417 Human
D1-1418 AI
D1-1419 AI
D1-1420 Human
D1-1421 Human
D1-1422 Human
D1-1423 AI
D1-1424 Human
D1-1425 Human
D1-1426 Human
D1-1427 AI
D1-1428 Human
D1-1429 Human
D1-1430 Human
D1-1431 Human
D1-1432 Human
D1-1433 Human
D1-1434 AI
D1-1435 Human
D1-1436 Human
D1-1437 Human
D1-1438 AI
D1-1439 Human
D1-1440 AI
D1-1441 Human
D1-1442 Human
D1-1443 Human
D1-1444 AI
D1-1445 AI
D1-1446 Human
D1-1447 Human
D1-1448 Human
D1-1449 Human
D1-1450 AI
D1-1451 AI
D1-1452 AI
D1-1453 Human
D1-1454 Human
D1-1455 Human
D1-1456 AI
D1-1457 AI
D1-1458 Human
D1-1459 Human
D1-1460 AI
D1-1461 Human
D1-1462 AI
D1-1463 Human
D1-1464 Human
D1-1465 AI
D1-1466 AI
D1-1467 AI
D1-1468 Human
D1-1469 Human
D1-1470 Human
D1-1471 Human
D1-1472 Human
D1-1473 Human
D1-1474 Human
D1-1475 AI
D1-1476 AI
D1-1477 Human
D1-1478 AI
D1-1479 Human
D1-1480 Human
D1-1481 AI
D1-1482 AI
D1-1483 AI
D1-1484 Human
D1-1485 AI
D1-1486 AI
D1-1487 Human
D1-1488 AI
D1-1489 Human
D1-1490 Human
D1-1491 Human
D1-1492 Human
D1-1493 Human
D1-1494 Human
D1-1495 Human
D1-1496 AI
D1-1497 AI
D1-1498 AI
D1-1499 Human
D1-1500 Human
D1-1501 AI
D1-1502 Human
D1-1503 Human
D1-1504 AI
D1-1505 Human
D1-1506 Human
D1-1507 Human
D1-1508 AI
D1-1509 Human
D1-1510 AI
D1-1511 Human
D1-1512 Human
D1-1513 Human
D1-1514 AI
D1-1515 AI
D1-1516 AI
D1-1517 AI
D1-1518 Human
D1-1519 AI
D1-1520 AI
D1-1521 AI
D1-1522 Human
D1-1523 Human
D1-1524 AI
D1-1525 Human
D1-1526 AI
D1-1527 AI
D1-1528 Human
D1-1529 Human
D1-1530 Human
D1-1531 Human
D1-1532 AI
D1-1533 Human
D1-1534 Human
D1-1535 AI
D1-1536 Human
D1-1537 Human
D1-1538 AI
D1-1539 Human
D1-1540 Human
D1-1541 Human
D1-1542 AI
D1-1543 AI
D1-1544 AI
D1-1545 AI
D1-1546 Human
D1-1547 AI
D1-1548 AI
D1-1549 Human
D1-1550 Human
D1-1551 Human
D1-1552 AI
D1-1553 Human
D1-1554 Human
D1-1555 AI
D1-1556 AI
D1-1557 Human
D1-1558 AI
D1-1559 Human
D1-1560 AI
D1-1561 Human
D1-1562 Human
D1-1563 Human
D1-1564 Human
D1-1565 Human
D1-1566 AI
D1-1567 Human
D1-1568 AI
D1-1569 AI
D1-1570 Human
D1-1571 Human
D1-1572 AI
D1-1573 Human
D1-1574 AI
D1-1575 Human
D1-1576 Human
D1-1577 Human
D1-1578 Human
D1-1579 AI
D1-1580 Human
D1-1581 AI
D1-1582 Human
D1-1583 Human
D1-1584 AI
D1-1585 Human
D1-1586 AI
D1-1587 AI
D1-1588 Human
D1-1589 Human
D1-1590 Human
D1-1591 AI
D1-1592 AI
D1-1593 AI
D1-1594 Human
D1-1595 AI
D1-1596 Human
D1-1597 Human
D1-1598 AI
D1-1599 AI
D1-1600 AI
D1-1601 Human
D1-1602 Human
D1-1603 Human
D1-1604 AI
D1-1605 Human
D1-1606 Human
D1-1607 Human
D1-1608 Human
D1-1609 AI
D1-1610 AI
D1-1611 Human
D1-1612 AI
D1-1613 AI
D1-1614 Human
D1-1615 Human
D1-1616 Human
D1-1617 Human
D1-1618 Human
D1-1619 Human
D1-1620 Human
D1-1621 AI
D1-1622 Human
D1-1623 AI
D1-1624 Human
D1-1625 AI
D1-1626 Human
D1-1627 Human
D1-1628 AI
D1-1629 Human
D1-1630 Human
D1-1631 Human
D1-1632 Human
D1-1633 Human
D1-1634 AI
D1-1635 AI
D1-1636 Human
D1-1637 AI
D1-1638 Human
D1-1639 Human
D1-1640 Human
D1-1641 AI
D1-1642 Human
D1-1643 Human
D1-1644 AI
D1-1645 Human
D1-1646 Human
D1-1647 Human
D1-1648 Human
D1-1649 AI
D1-1650 Human
D1-1651 Human
D1-1652 Human
D1-1653 Human
D1-1654 AI
D1-1655 Human
D1-1656 Human
D1-1657 Human
D1-1658 AI
D1-1659 AI
D1-1660 Human
D1-1661 Human
D1-1662 Human
D1-1663 AI
D1-1664 Human
D1-1665 Human
D1-1666 Human
D1-1667 Human
D1-1668 AI
D1-1669 Human
D1-1670 AI
D1-1671 AI
D1-1672 Human
D1-1673 Human
D1-1674 AI
D1-1675 Human
D1-1676 AI
D1-1677 Human
D1-1678 AI
D1-1679 AI
D1-1680 Human
D1-1681 Human
D1-1682 AI
D1-1683 Human
D1-1684 Human
D1-1685 Human
D1-1686 Human
D1-1687 Human
D1-1688 Human
D1-1689 Human
D1-1690 AI
D1-1691 Human
D1-1692 AI
D1-1693 AI
D1-1694 AI
D1-1695 Human
D1-1696 Human
D1-1697 AI
D1-1698 Human
D1-1699 Human
D1-1700 Human
D1-1701 AI
D1-1702 AI
D1-1703 AI
D1-1704 Human
D1-1705 Human
D1-1706 Human
D1-1707 Human
D1-1708 Human
D1-1709 Human
D1-1710 Human
D1-1711 Human
D1-1712 Human
D1-1713 Human
D1-1714 Human
D1-1715 Human
D1-1716 AI
D1-1717 Human
D1-1718 Human
D1-1719 Human
D1-1720 Human
D1-1721 Human
D1-1722 AI
D1-1723 AI
D1-1724 Human
D1-1725 Human
D1-1726 Human
D1-1727 AI
D1-1728 AI
D1-1729 AI
D1-1730 Human
D1-1731 AI
D1-1732 Human
D1-1733 AI
D1-1734 Human
D1-1735 Human
D1-1736 Human
D1-1737 AI
D1-1738 Human
D1-1739 Human
D1-1740 AI
D1-1741 AI
D1-1742 Human
D1-1743 Human
D1-1744 Human
D1-1745 Human
D1-1746 Human
D1-1747 Human
D1-1748 Human
D1-1749 Human
D1-1750 Human
D1-1751 Human
D1-1752 Human
D1-1753 Human
D1-1754 Human
D1-1755 Human
D1-1756 AI
D1-1757 Human
D1-1758 Human
D1-1759 Human
D1-1760 AI
D1-1761 Human
D1-1762 AI
D1-1763 AI
D1-1764 AI
D1-1765 Human
D1-1766 AI
D1-1767 Human
D1-1768 Human
D1-1769 Human
D1-1770 Human
D1-1771 Human
D1-1772 Human
D1-1773 AI
D1-1774 AI
D1-1775 AI
D1-1776 Human
D1-1777 Human
D1-1778 Human
D1-1779 Human
D1-1780 Human
D1-1781 Human
D1-1782 Human
D1-1783 Human
D1-1784 AI
D1-1785 AI
D1-1786 AI
D1-1787 Human
D1-1788 AI
D1-1789 AI
D1-1790 Human
D1-1791 Human
D1-1792 Human
D1-1793 Human
D1-1794 Human
D1-1795 Human
D1-1796 Human
D1-1797 AI
D1-1798 AI
D1-1799 Human
D1-1800 AI
D1-1801 Human
D1-1802 Human
D1-1803 Human
D1-1804 AI
D1-1805 Human
D1-1806 Human
D1-1807 Human
D1-1808 AI
D1-1809 AI
D1-1810 Human
D1-1811 AI
D1-1812 AI
D1-1813 Human
D1-1814 Human
D1-1815 Human
D1-1816 Human
D1-1817 Human
D1-1818 Human
D1-1819 AI
D1-1820 Human
D1-1821 AI
D1-1822 AI
D1-1823 Human
D1-1824 Human
D1-1825 AI
D1-1826 AI
D1-1827 Human
D1-1828 Human
D1-1829 AI
D1-1830 Human
D1-1831 Human
D1-1832 AI
D1-1833 Human
D1-1834 Human
D1-1835 Human
D1-1836 AI
D1-1837 Human
D1-1838 Human
D1-1839 Human
D1-1840 Human
D1-1841 AI
D1-1842 Human
D1-1843 Human
D1-1844 AI
D1-1845 Human
D1-1846 AI
D1-1847 AI
D1-1848 AI
D1-1849 Human
D1-1850 Human
D1-1851 Human
D1-1852 Human
D1-1853 AI
D1-1854 Human
D1-1855 Human
D1-1856 Human
D1-1857 AI
D1-1858 Human
D1-1859 Human
D1-1860 AI
D1-1861 AI
D1-1862 AI
D1-1863 Human
D1-1864 Human
D1-1865 Human
D1-1866 Human
D1-1867 AI
D1-1868 Human
D1-1869 Human
D1-1870 AI
D1-1871 Human
D1-1872 Human
D1-1873 Human
D1-1874 Human
D1-1875 Human
D1-1876 Human
D1-1877 AI
D1-1878 Human
D1-1879 AI
D1-1880 Human
D1-1881 AI
D1-1882 Human
D1-1883 Human
D1-1884 AI
D1-1885 Human
D1-1886 AI
D1-1887 AI
D1-1888 AI
D1-1889 AI
D1-1890 AI
D1-1891 Human
D1-1892 Human
D1-1893 Human
D1-1894 Human
D1-1895 Human
D1-1896 AI
D1-1897 AI
D1-1898 Human
D1-1899 Human
D1-1900 Human
D1-1901 Human
D1-1902 Human
D1-1903 Human
D1-1904 Human
D1-1905 AI
D1-1906 Human
D1-1907 AI
D1-1908 AI
D1-1909 Human
D1-1910 AI
D1-1911 Human
D1-1912 AI
D1-1913 Human
D1-1914 AI
D1-1915 Human
D1-1916 Human
D1-1917 Human
D1-1918 AI
D1-1919 Human
D1-1920 Human
D1-1921 Human
D1-1922 AI
D1-1923 AI
D1-1924 AI
D1-1925 Human
D1-1926 Human
D1-1927 Human
D1-1928 AI
D1-1929 Human
D1-1930 AI
D1-1931 AI
D1-1932 Human
D1-1933 AI
D1-1934 AI
D1-1935 Human
D1-1936 AI
D1-1937 AI
D1-1938 Human
D1-1939 Human
D1-1940 AI
D1-1941 AI
D1-1942 Human
D1-1943 Human
D1-1944 AI
D1-1945 Human
D1-1946 AI
D1-1947 AI
D1-1948 Human
D1-1949 Human
D1-1950 AI
D1-1951 Human
D1-1952 Human
D1-1953 AI
D1-1954 AI
D1-1955 Human
D1-1956 Human
D1-1957 Human
D1-1958 Human
D1-1959 Human
D1-1960 Human
D1-1961 AI
D1-1962 Human
D1-1963 AI
D1-1964 Human
D1-1965 AI
D1-1966 AI
D1-1967 Human
D1-1968 AI
D1-1969 Human
D1-1970 AI
D1-1971 AI
D1-1972 Human
D1-1973 AI
D1-1974 AI
D1-1975 AI
D1-1976 AI
D1-1977 AI
D1-1978 Human
D1-1979 Human
D1-1980 Human
D1-1981 AI
D1-1982 Human
D1-1983 Human
D1-1984 AI
D1-1985 AI
D1-1986 Human
D1-1987 AI
D1-1988 Human
D1-1989 AI
D1-1990 Human
D1-1991 Human
D1-1992 AI
D1-1993 Human
D1-1994 Human
D1-1995 Human
D1-1996 Human
D1-1997 Human
D1-1998 Human
D1-1999 Human
D1-2000 Human
D1-2001 AI
D1-2002 AI
D1-2003 Human
D1-2004 AI
D1-2005 AI
D1-2006 Human
D1-2007 Human
D1-2008 AI
D1-2009 Human
D1-2010 AI
D1-2011 Human
D1-2012 Human
D1-2013 AI
D1-2014 AI
D1-2015 AI
D1-2016 AI
D1-2017 Human
D1-2018 AI
D1-2019 Human
D1-2020 Human
D1-2021 Human
D1-2022 AI
D1-2023 Human
D1-2024 AI
D1-2025 Human
D1-2026 Human
D1-2027 AI
D1-2028 AI
D1-2029 Human
D1-2030 Human
D1-2031 AI
D1-2032 Human
D1-2033 AI
D1-2034 Human
D1-2035 Human
D1-2036 AI
D1-2037 AI
D1-2038 Human
D1-2039 Human
D1-2040 Human
D1-2041 AI
D1-2042 AI
D1-2043 Human
D1-2044 AI
D1-2045 AI
D1-2046 Human
D1-2047 AI
D1-2048 Human
D1-2049 AI
D1-2050 AI
D1-2051 AI
D1-2052 AI
D1-2053 Human
D1-2054 AI
D1-2055 AI
D1-2056 AI
D1-2057 AI
D1-2058 Human
D1-2059 Human
D1-2060 AI
D1-2061 Human
D1-2062 Human
D1-2063 Human
D1-2064 Human
D1-2065 Human
D1-2066 Human
D1-2067 Human
D1-2068 Human
D1-2069 Human
D1-2070 AI
D1-2071 AI
D1-2072 Human
D1-2073 Human
D1-2074 Human
D1-2075 Human
D1-2076 Human
D1-2077 Human
D1-2078 AI
D1-2079 AI
D1-2080 Human
D1-2081 Human
D1-2082 Human
D1-2083 Human
D1-2084 Human
D1-2085 Human
D1-2086 Human
D1-2087 AI
D1-2088 Human
D1-2089 Human
D1-2090 Human
D1-2091 AI
D1-2092 AI
D1-2093 Human
D1-2094 Human
D1-2095 Human
D1-2096 AI
D1-2097 AI
D1-2098 Human
D1-2099 AI
D1-2100 Human
D1-2101 Human
D1-2102 AI
D1-2103 Human
D1-2104 Human
D1-2105 AI
D1-2106 Human
D1-2107 AI
D1-2108 AI
D1-2109 AI
D1-2110 AI
D1-2111 Human
D1-2112 AI
D1-2113 Human
D1-2114 Human
D1-2115 Human
D1-2116 AI
D1-2117 AI
D1-2118 Human
D1-2119 AI
D1-2120 Human
D1-2121 Human
D1-2122 AI
D1-2123 Human
D1-2124 Human
D1-2125 Human
D1-2126 Human
D1-2127 Human
D1-2128 Human
D1-2129 Human
D1-2130 Human
D1-2131 Human
D1-2132 Human
D1-2133 AI
D1-2134 Human
D1-2135 Human
D1-2136 Human
D1-2137 AI
D1-2138 AI
D1-2139 Human
D1-2140 Human
D1-2141 Human
D1-2142 AI
D1-2143 Human
D1-2144 Human
D1-2145 AI
D1-2146 Human
D1-2147 AI
D1-2148 Human
D1-2149 AI
D1-2150 Human
D1-2151 Human
D1-2152 Human
D1-2153 Human
D1-2154 Human
D1-2155 Human
D1-2156 Human
D1-2157 AI
D1-2158 Human
D1-2159 AI
D1-2160 Human
D1-2161 AI
D1-2162 Human
D1-2163 Human
D1-2164 Human
D1-2165 AI
D1-2166 AI
D1-2167 Human
D1-2168 AI
D1-2169 Human
D1-2170 Human
D1-2171 AI
D1-2172 Human
D1-2173 Human
D1-2174 Human
D1-2175 Human
D1-2176 Human
D1-2177 AI
D1-2178 AI
D1-2179 Human
D1-2180 Human
D1-2181 AI
D1-2182 Human
D1-2183 AI
D1-2184 Human
D1-2185 Human
D1-2186 Human
D1-2187 AI
D1-2188 AI
D1-2189 Human
D1-2190 AI
D1-2191 Human
D1-2192 AI
D1-2193 AI
D1-2194 Human
D1-2195 AI
D1-2196 Human
D1-2197 Human
D1-2198 AI
D1-2199 Human
D1-2200 AI
D1-2201 Human
D1-2202 Human
D1-2203 Human
D1-2204 AI
D1-2205 Human
D1-2206 Human
D1-2207 Human
D1-2208 Human
D1-2209 Human
D1-2210 Human
D1-2211 Human
D1-2212 AI
D1-2213 Human
D1-2214 Human
D1-2215 AI
D1-2216 AI
D1-2217 AI
D1-2218 Human
D1-2219 AI
D1-2220 AI
D1-2221 Human
D1-2222 AI
D1-2223 AI
D1-2224 Human
D1-2225 Human
D1-2226 AI
D1-2227 Human
D1-2228 Human
D1-2229 AI
D1-2230 AI
D1-2231 Human
D1-2232 Human
D1-2233 Human
D1-2234 AI
D1-2235 AI
D1-2236 Human
D1-2237 AI
D1-2238 Human
D1-2239 Human
D1-2240 Human
D1-2241 Human
D1-2242 Human
D1-2243 Human
D1-2244 Human
D1-2245 AI
D1-2246 Human
D1-2247 AI
D1-2248 Human
D1-2249 AI
D1-2250 AI
D1-2251 Human
D1-2252 AI
D1-2253 AI
D1-2254 AI
D1-2255 AI
D1-2256 Human
D1-2257 Human
D1-2258 AI
D1-2259 Human
D1-2260 AI
D1-2261 AI
D1-2262 Human
D1-2263 AI
D1-2264 Human
D1-2265 AI
D1-2266 Human
D1-2267 AI
D1-2268 Human
D1-2269 AI
D1-2270 AI
D1-2271 AI
D1-2272 Human
D1-2273 Human
D1-2274 Human
D1-2275 Human
D1-2276 Human
D1-2277 AI
D1-2278 AI
D1-2279 Human
D1-2280 AI
D1-2281 Human
D1-2282 Human
D1-2283 Human
D1-2284 Human
D1-2285 Human
D1-2286 Human
D1-2287 AI
D1-2288 AI
D1-2289 Human
D1-2290 Human
D1-2291 Human
D1-2292 Human
D1-2293 Human
D1-2294 Human
D1-2295 Human
D1-2296 Human
D1-2297 AI
D1-2298 Human
D1-2299 AI
D1-2300 Human
D1-2301 Human
D1-2302 AI
D1-2303 AI
D1-2304 Human
D1-2305 AI
D1-2306 Human
D1-2307 Human
D1-2308 Human
D1-2309 Human
D1-2310 Human
D1-2311 AI
D1-2312 AI
D1-2313 Human
D1-2314 AI
D1-2315 AI
D1-2316 AI
D1-2317 AI
D1-2318 Human
D1-2319 AI
D1-2320 Human
D1-2321 AI
D1-2322 Human
D1-2323 Human
D1-2324 Human
D1-2325 AI
D1-2326 Human
D1-2327 AI
D1-2328 Human
D1-2329 Human
D1-2330 AI
D1-2331 Human
D1-2332 AI
D1-2333 AI
D1-2334 Human
D1-2335 AI
D1-2336 Human
D1-2337 AI
D1-2338 Human
D1-2339 Human
D1-2340 AI
D1-2341 Human
D1-2342 AI
D1-2343 AI
D1-2344 Human
D1-2345 Human
D1-2346 Human
D1-2347 AI
D1-2348 Human
D1-2349 AI
D1-2350 AI
D1-2351 Human
D1-2352 Human
D1-2353 Human
D1-2354 Human
D1-2355 Human
D1-2356 Human
D1-2357 Human
D1-2358 Human
D1-2359 AI
D1-2360 Human
D1-2361 Human
D1-2362 Human
D1-2363 Human
D1-2364 Human
D1-2365 AI
D1-2366 AI
D1-2367 Human
D1-2368 Human
D1-2369 Human
D1-2370 Human
D1-2371 Human
D1-2372 Human
D1-2373 Human
D1-2374 Human
D1-2375 Human
D1-2376 AI
D1-2377 Human
D1-2378 AI
D1-2379 Human
D1-2380 Human
D1-2381 AI
D1-2382 AI
D1-2383 Human
D1-2384 Human
D1-2385 Human
D1-2386 AI
D1-2387 Human
D1-2388 Human
D1-2389 AI
D1-2390 Human
D1-2391 Human
D1-2392 Human
D1-2393 Human
D1-2394 Human
D1-2395 AI
D1-2396 Human
D1-2397 Human
D1-2398 Human
D1-2399 Human
D1-2400 Human
D1-2401 AI
D1-2402 AI
D1-2403 AI
D1-2404 Human
D1-2405 AI
D1-2406 Human
D1-2407 AI
D1-2408 Human
D1-2409 Human
D1-2410 AI
D1-2411 AI
D1-2412 AI
D1-2413 Human
D1-2414 AI
D1-2415 Human
D1-2416 AI
D1-2417 AI
D1-2418 Human
D1-2419 Human
D1-2420 AI
D1-2421 Human
D1-2422 AI
D1-2423 AI
D1-2424 Human
D1-2425 AI
D1-2426 AI
D1-2427 AI
D1-2428 Human
D1-2429 AI
D1-2430 AI
D1-2431 Human
D1-2432 Human
D1-2433 Human
D1-2434 AI
D1-2435 Human
D1-2436 Human
D1-2437 Human
D1-2438 Human
D1-2439 Human
D1-2440 Human
D1-2441 AI
D1-2442 Human
D1-2443 Human
D1-2444 Human
D1-2445 Human
D1-2446 AI
D1-2447 Human
D1-2448 AI
D1-2449 Human
D1-2450 Human
D1-2451 Human
D1-2452 Human
D1-2453 AI
D1-2454 Human
D1-2455 AI
D1-2456 Human
D1-2457 Human
D1-2458 AI
D1-2459 AI
D1-2460 Human
D1-2461 AI
D1-2462 Human
D1-2463 Human
D1-2464 Human
D1-2465 Human
D1-2466 Human
D1-2467 Human
D1-2468 Human
D1-2469 AI
D1-2470 AI
D1-2471 Human
D1-2472 AI
D1-2473 AI
D1-2474 Human
D1-2475 Human
D1-2476 Human
D1-2477 Human
D1-2478 Human
D1-2479 AI
D1-2480 AI
D1-2481 Human
D1-2482 Human
D1-2483 Human
D1-2484 Human
D1-2485 Human
D1-2486 Human
D1-2487 Human
D1-2488 Human
D1-2489 Human
D1-2490 Human
D1-2491 Human
D1-2492 Human
D1-2493 Human
D1-2494 AI
D1-2495 Human
D1-2496 Human
D1-2497 AI
D1-2498 AI
D1-2499 AI
D1-2500 Human
D1-2501 Human
D1-2502 AI
D1-2503 Human
D1-2504 Human
D1-2505 Human
D1-2506 Human
D1-2507 Human
D1-2508 AI
D1-2509 AI
D1-2510 AI
D1-2511 Human
D1-2512 Human
D1-2513 Human
D1-2514 Human
D1-2515 Human
D1-2516 Human
D1-2517 Human
D1-2518 Human
D1-2519 AI
D1-2520 Human
D1-2521 Human
D1-2522 Human
D1-2523 Human
D1-2524 Human
D1-2525 AI
D1-2526 Human
D1-2527 AI
D1-2528 Human
D1-2529 AI
D1-2530 Human
D1-2531 Human
D1-2532 Human
D1-2533 AI
D1-2534 AI
D1-2535 Human
D1-2536 Human
D1-2537 AI
D1-2538 AI
D1-2539 Human
D1-2540 Human
D1-2541 Human
D1-2542 AI
D1-2543 AI
D1-2544 Human
D1-2545 AI
D1-2546 AI
D1-2547 AI
D1-2548 AI
D1-2549 AI
D1-2550 Human
D1-2551 Human
D1-2552 Human
D1-2553 AI
D1-2554 AI
D1-2555 Human
D1-2556 AI
D1-2557 Human
D1-2558 Human
D1-2559 Human
D1-2560 Human
D1-2561 AI
D1-2562 Human
D1-2563 Human
D1-2564 AI
D1-2565 Human
D1-2566 AI
D1-2567 Human
D1-2568 Human
D1-2569 AI
D1-2570 Human
D1-2571 AI
D1-2572 Human
D1-2573 AI
D1-2574 Human
D1-2575 Human
D1-2576 AI
D1-2577 AI
D1-2578 Human
D1-2579 Human
D1-2580 Human
D1-2581 Human
D1-2582 AI
D1-2583 Human
D1-2584 Human
D1-2585 Human
D1-2586 Human
D1-2587 AI
D1-2588 Human
D1-2589 Human
D1-2590 AI
D1-2591 AI
D1-2592 AI
D1-2593 AI
D1-2594 Human
D1-2595 Human
D1-2596 Human
D1-2597 Human
D1-2598 AI
D1-2599 Human
D1-2600 Human
D1-2601 AI
D1-2602 AI
D1-2603 AI
D1-2604 AI
D1-2605 Human
D1-2606 AI
D1-2607 Human
D1-2608 AI
D1-2609 AI
D1-2610 AI
D1-2611 AI
D1-2612 Human
D1-2613 AI
D1-2614 Human
D1-2615 AI
D1-2616 Human
D1-2617 Human
D1-2618 AI
D1-2619 Human
D1-2620 Human
D1-2621 Human
D1-2622 AI
D1-2623 AI
D1-2624 AI
D1-2625 Human
D1-2626 Human
D1-2627 Human
D1-2628 Human
D1-2629 Human
D1-2630 AI
D1-2631 Human
D1-2632 Human
D1-2633 AI
D1-2634 AI
D1-2635 Human
D1-2636 Human
D1-2637 Human
D1-2638 Human
D1-2639 AI
D1-2640 Human
D1-2641 AI
D1-2642 Human
D1-2643 Human
D1-2644 Human
D1-2645 Human
D1-2646 AI
D1-2647 Human
D1-2648 Human
D1-2649 Human
D1-2650 AI
D1-2651 Human
D1-2652 AI
D1-2653 Human
D1-2654 AI
D1-2655 AI
D1-2656 Human
D1-2657 AI
D1-2658 Human
D1-2659 AI
D1-2660 Human
D1-2661 AI
D1-2662 Human
D1-2663 AI
D1-2664 Human
D1-2665 Human
D1-2666 AI
D1-2667 Human
D1-2668 AI
D1-2669 Human
D1-2670 AI
D1-2671 Human
D1-2672 AI
D1-2673 Human
D1-2674 Human
D1-2675 Human
D1-2676 AI
D1-2677 Human
D1-2678 Human
D1-2679 AI
D1-2680 AI
D1-2681 Human
D1-2682 Human
D1-2683 AI
D1-2684 Human
D1-2685 Human
D1-2686 Human
D1-2687 Human
D1-2688 Human
D1-2689 Human
D1-2690 Human
D1-2691 Human
D1-2692 AI
D1-2693 AI
D1-2694 Human
D1-2695 Human
D1-2696 Human
D1-2697 Human
D1-2698 AI
D1-2699 Human
D1-2700 Human
D1-2701 Human
D1-2702 AI
D1-2703 Human
D1-2704 Human
D1-2705 Human
D1-2706 AI
D1-2707 AI
D1-2708 Human
D1-2709 Human
D1-2710 Human
D1-2711 Human
D1-2712 AI
D1-2713 Human
D1-2714 Human
D1-2715 AI
D1-2716 Human
D1-2717 Human
D1-2718 AI
D1-2719 Human
D1-2720 AI
D1-2721 Human
D1-2722 Human
D1-2723 Human
D1-2724 Human
D1-2725 Human
D1-2726 AI
D1-2727 AI
D1-2728 AI
D1-2729 Human
D1-2730 AI
D1-2731 Human
D1-2732 AI
D1-2733 Human
D1-2734 Human
D1-2735 AI
D1-2736 Human
D1-2737 Human
D1-2738 Human
D1-2739 AI
D1-2740 AI
D1-2741 Human
D1-2742 AI
D1-2743 Human
D1-2744 Human
D1-2745 Human
D1-2746 Human
D1-2747 Human
D1-2748 Human
D1-2749 Human
D1-2750 Human
D1-2751 Human
D1-2752 AI
D1-2753 Human
D1-2754 AI
D1-2755 Human
D1-2756 Human
D1-2757 Human
D1-2758 Human
D1-2759 Human
D1-2760 Human
D1-2761 AI
D1-2762 Human
D1-2763 Human
D1-2764 AI
D1-2765 Human
D1-2766 Human
D1-2767 Human
D1-2768 AI
D1-2769 AI
D1-2770 Human
D1-2771 Human
D1-2772 Human
D1-2773 AI
D1-2774 Human
D1-2775 Human
D1-2776 Human
D1-2777 Human
D1-2778 Human
D1-2779 Human
D1-2780 Human
D1-2781 Human
D1-2782 Human
D1-2783 Human
D1-2784 Human
D1-2785 AI
D1-2786 AI
D1-2787 Human
D1-2788 Human
D1-2789 AI
D1-2790 AI
D1-2791 Human
D1-2792 Human
D1-2793 AI
D1-2794 AI
D1-2795 AI
D1-2796 AI
D1-2797 Human
D1-2798 Human
D1-2799 AI
D1-2800 Human
D1-2801 AI
D1-2802 AI
D1-2803 AI
D1-2804 Human
D1-2805 Human
D1-2806 AI
D1-2807 Human
D1-2808 AI
D1-2809 AI
D1-2810 Human
D1-2811 Human
D1-2812 Human
D1-2813 AI
D1-2814 AI
D1-2815 Human
D1-2816 Human
D1-2817 AI
D1-2818 Human
D1-2819 Human
D1-2820 AI
D1-2821 AI
D1-2822 Human
D1-2823 AI
D1-2824 Human
D1-2825 AI
D1-2826 AI
D1-2827 Human
D1-2828 Human
D1-2829 AI
D1-2830 AI
D1-2831 AI
D1-2832 AI
D1-2833 Human
D1-2834 AI
D1-2835 AI
D1-2836 Human
D1-2837 Human
D1-2838 Human
D1-2839 Human
D1-2840 Human
D1-2841 AI
D1-2842 AI
D1-2843 AI
D1-2844 AI
D1-2845 Human
D1-2846 AI
D1-2847 Human
D1-2848 Human
D1-2849 AI
D1-2850 Human
D1-2851 Human
D1-2852 Human
D1-2853 Human
D1-2854 Human
D1-2855 Human
D1-2856 AI
D1-2857 Human
D1-2858 Human
D1-2859 Human
D1-2860 AI
D1-2861 Human
D1-2862 AI
D1-2863 Human
D1-2864 AI
D1-2865 Human
D1-2866 AI
D1-2867 Human
D1-2868 Human
D1-2869 AI
D1-2870 AI
D1-2871 Human
D1-2872 Human
D1-2873 Human
D1-2874 Human
D1-2875 Human
D1-2876 AI
D1-2877 Human
D1-2878 Human
D1-2879 AI
D1-2880 Human
D1-2881 Human
D1-2882 AI
D1-2883 Human
D1-2884 Human
D1-2885 AI
D1-2886 Human
D1-2887 Human
D1-2888 Human
D1-2889 Human
D1-2890 Human
D1-2891 Human
D1-2892 Human
D1-2893 Human
D1-2894 AI
D1-2895 AI
D1-2896 Human
D1-2897 Human
D1-2898 Human
D1-2899 Human
D1-2900 AI
D1-2901 Human
D1-2902 AI
D1-2903 AI
D1-2904 AI
D1-2905 Human
D1-2906 Human
D1-2907 AI
D1-2908 Human
D1-2909 AI
D1-2910 Human
D1-2911 Human
D1-2912 AI
D1-2913 AI
D1-2914 Human
D1-2915 AI
D1-2916 Human
D1-2917 AI
D1-2918 AI
D1-2919 AI
D1-2920 AI
D1-2921 AI
D1-2922 AI
D1-2923 Human
D1-2924 Human
D1-2925 Human
D1-2926 AI
D1-2927 Human
D1-2928 AI
D1-2929 Human
D1-2930 Human
D1-2931 Human
D1-2932 Human
D1-2933 Human
D1-2934 AI
D1-2935 Human
D1-2936 AI
D1-2937 Human
D1-2938 Human
D1-2939 Human
D1-2940 Human
D1-2941 Human
D1-2942 Human
D1-2943 Human
D1-2944 Human
D1-2945 Human
D1-2946 Human
D1-2947 Human
D1-2948 AI
D1-2949 Human
D1-2950 Human
D1-2951 AI
D1-2952 Human
D1-2953 Human
D1-2954 Human
D1-2955 Human
D1-2956 Human
D1-2957 AI
D1-2958 Human
D1-2959 AI
D1-2960 AI
D1-2961 Human
D1-2962 AI
D1-2963 AI
D1-2964 Human
D1-2965 AI
D1-2966 Human
D1-2967 Human
D1-2968 Human
D1-2969 AI
D1-2970 Human
D1-2971 Human
D1-2972 Human
D1-2973 Human
D1-2974 AI
D1-2975 Human
D1-2976 Human
D1-2977 Human
D1-2978 AI
D1-2979 Human
D1-2980 Human
D1-2981 Human
D1-2982 AI
D1-2983 Human
D1-2984 AI
D1-2985 Human
D1-2986 Human
D1-2987 AI
D1-2988 AI
D1-2989 AI
D1-2990 Human
D1-2991 Human
D1-2992 Human
D1-2993 AI
D1-2994 AI
D1-2995 Human
D1-2996 Human
D1-2997 AI
D1-2998 Human
D1-2999 Human
D1-3000 AI
D1-3001 AI
D1-3002 AI
D1-3003 AI
D1-3004 Human
D1-3005 AI
D1-3006 AI
D1-3007 Human
D1-3008 Human
D1-3009 Human
D1-3010 Human
D1-3011 AI
D1-3012 Human
D1-3013 AI
D1-3014 AI
D1-3015 AI
D1-3016 Human
D1-3017 Human
D1-3018 Human
D1-3019 Human
D1-3020 AI
D1-3021 AI
D1-3022 Human
D1-3023 Human
D1-3024 Human
D1-3025 AI
D1-3026 Human
D1-3027 Human
D1-3028 Human
D1-3029 AI
D1-3030 AI
D1-3031 Human
D1-3032 Human
D1-3033 Human
D1-3034 Human
D1-3035 AI
D1-3036 AI
D1-3037 Human
D1-3038 AI
D1-3039 Human
D1-3040 Human
D1-3041 AI
D1-3042 Human
D1-3043 AI
D1-3044 Human
D1-3045 Human
D1-3046 Human
D1-3047 Human
D1-3048 Human
D1-3049 Human
D1-3050 AI
D1-3051 AI
D1-3052 Human
D1-3053 AI
D1-3054 Human
D1-3055 AI
D1-3056 Human
D1-3057 Human
D1-3058 AI
D1-3059 AI
D1-3060 Human
D1-3061 Human
D1-3062 AI
D1-3063 Human
D1-3064 AI
D1-3065 Human
D1-3066 AI
D1-3067 AI
D1-3068 Human
D1-3069 Human
D1-3070 AI
D1-3071 AI
D1-3072 Human
D1-3073 Human
D1-3074 Human
D1-3075 Human
D1-3076 Human
D1-3077 AI
D1-3078 Human
D1-3079 AI
D1-3080 AI
D1-3081 Human
D1-3082 AI
D1-3083 Human
D1-3084 AI
D1-3085 Human
D1-3086 Human
D1-3087 Human
D1-3088 Human
D1-3089 AI
D1-3090 Human
D1-3091 AI
D1-3092 Human
D1-3093 AI
D1-3094 Human
D1-3095 Human
D1-3096 Human
D1-3097 Human
D1-3098 Human
D1-3099 Human
D1-3100 AI
D1-3101 Human
D1-3102 AI
D1-3103 AI
D1-3104 Human
D1-3105 Human
D1-3106 AI
D1-3107 AI
D1-3108 Human
D1-3109 Human
D1-3110 AI
D1-3111 Human
D1-3112 AI
D1-3113 Human
D1-3114 Human
D1-3115 Human
D1-3116 Human
D1-3117 AI
D1-3118 Human
D1-3119 AI
D1-3120 Human
D1-3121 AI
D1-3122 Human
D1-3123 Human
D1-3124 AI
D1-3125 Human
D1-3126 AI
D1-3127 AI
D1-3128 AI
D1-3129 AI
D1-3130 Human
D1-3131 Human
D1-3132 Human
D1-3133 AI
D1-3134 Human
D1-3135 Human
D1-3136 Human
D1-3137 Human
D1-3138 Human
D1-3139 Human
D1-3140 AI
D1-3141 Human
D1-3142 Human
D1-3143 Human
D1-3144 AI
D1-3145 Human
D1-3146 AI
D1-3147 AI
D1-3148 Human
D1-3149 Human
D1-3150 Human
D1-3151 AI
D1-3152 AI
D1-3153 Human
D1-3154 Human
D1-3155 Human
D1-3156 Human
D1-3157 AI
D1-3158 Human
D1-3159 AI
D1-3160 Human
D1-3161 AI
D1-3162 Human
D1-3163 Human
D1-3164 AI
D1-3165 Human
D1-3166 AI
D1-3167 Human
D1-3168 AI
D1-3169 Human
D1-3170 Human
D1-3171 Human
D1-3172 Human
D1-3173 AI
D1-3174 AI
D1-3175 Human
D1-3176 Human
D1-3177 AI
D1-3178 Human
D1-3179 AI
D1-3180 AI
D1-3181 Human
D1-3182 Human
D1-3183 AI
D1-3184 Human
D1-3185 Human
D1-3186 AI
D1-3187 Human
D1-3188 Human
D1-3189 AI
D1-3190 Human
D1-3191 Human
D1-3192 Human
D1-3193 Human
D1-3194 AI
D1-3195 Human
D1-3196 Human
D1-3197 Human
D1-3198 Human
D1-3199 AI
D1-3200 AI
D1-3201 Human
D1-3202 AI
D1-3203 Human
D1-3204 AI
D1-3205 Human
D1-3206 Human
D1-3207 Human
D1-3208 AI
D1-3209 Human
D1-3210 AI
D1-3211 AI
D1-3212 AI
D1-3213 Human
D1-3214 Human
D1-3215 Human
D1-3216 AI
D1-3217 Human
D1-3218 Human
D1-3219 AI
D1-3220 Human
D1-3221 AI
D1-3222 Human
D1-3223 Human
D1-3224 Human
D1-3225 Human
D1-3226 AI
D1-3227 Human
D1-3228 AI
D1-3229 Human
D1-3230 AI
D1-3231 Human
D1-3232 Human
D1-3233 AI
D1-3234 Human
D1-3235 Human
D1-3236 AI
D1-3237 Human
D1-3238 Human
D1-3239 AI
D1-3240 AI
D1-3241 AI
D1-3242 Human
D1-3243 Human
D1-3244 AI
D1-3245 AI
D1-3246 Human
D1-3247 Human
D1-3248 Human
D1-3249 AI
D1-3250 AI
D1-3251 Human
D1-3252 Human
D1-3253 Human
D1-3254 Human
D1-3255 Human
D1-3256 Human
D1-3257 AI
D1-3258 Human
D1-3259 Human
D1-3260 Human
D1-3261 AI
D1-3262 Human
D1-3263 Human
D1-3264 Human
D1-3265 AI
D1-3266 AI
D1-3267 AI
D1-3268 Human
D1-3269 AI
D1-3270 AI
D1-3271 Human
D1-3272 AI
D1-3273 Human
D1-3274 Human
D1-3275 Human
D1-3276 AI
D1-3277 Human
D1-3278 Human
D1-3279 Human
D1-3280 AI
D1-3281 Human
D1-3282 AI
D1-3283 Human
D1-3284 Human
D1-3285 AI
D1-3286 Human
D1-3287 AI
D1-3288 AI
D1-3289 AI
D1-3290 Human
D1-3291 Human
D1-3292 AI
D1-3293 AI
D1-3294 Human
D1-3295 Human
D1-3296 Human
D1-3297 Human
D1-3298 Human
D1-3299 AI
D1-3300 AI
D1-3301 AI
D1-3302 Human
D1-3303 AI
D1-3304 Human
D1-3305 Human
D1-3306 Human
D1-3307 Human
D1-3308 AI
D1-3309 Human
D1-3310 Human
D1-3311 Human
D1-3312 AI
D1-3313 AI
D1-3314 Human
D1-3315 AI
D1-3316 AI
D1-3317 Human
D1-3318 AI
D1-3319 AI
D1-3320 Human
D1-3321 Human
D1-3322 AI
D1-3323 Human
D1-3324 AI
D1-3325 Human
D1-3326 Human
D1-3327 Human
D1-3328 AI
D1-3329 AI
D1-3330 Human
D1-3331 Human
D1-3332 Human
D1-3333 Human
D1-3334 Human
D1-3335 AI
D1-3336 Human
D1-3337 Human
D1-3338 Human
D1-3339 Human
D1-3340 Human
D1-3341 AI
D1-3342 Human
D1-3343 AI
D1-3344 Human
D1-3345 Human
D1-3346 Human
D1-3347 AI
D1-3348 AI
D1-3349 Human
D1-3350 AI
D1-3351 Human
D1-3352 Human
D1-3353 Human
D1-3354 AI
D1-3355 AI
D1-3356 AI
D1-3357 Human
D1-3358 AI
D1-3359 Human
D1-3360 Human
D1-3361 AI
D1-3362 Human
D1-3363 Human
D1-3364 Human
D1-3365 Human
D1-3366 Human
D1-3367 AI
D1-3368 Human
D1-3369 AI
D1-3370 Human
D1-3371 Human
D1-3372 Human
D1-3373 Human
D1-3374 Human
D1-3375 Human
D1-3376 Human
D1-3377 Human
D1-3378 Human
D1-3379 Human
D1-3380 Human
D1-3381 AI
D1-3382 Human
D1-3383 AI
D1-3384 Human
D1-3385 AI
D1-3386 AI
D1-3387 Human
D1-3388 Human
D1-3389 Human
D1-3390 AI
D1-3391 AI
D1-3392 AI
D1-3393 Human
D1-3394 AI
D1-3395 AI
D1-3396 Human
D1-3397 AI
D1-3398 Human
D1-3399 AI
D1-3400 Human
D1-3401 AI
D1-3402 AI
D1-3403 Human
D1-3404 Human
D1-3405 AI
D1-3406 AI
D1-3407 AI
D1-3408 Human
D1-3409 AI
D1-3410 Human
D1-3411 Human
D1-3412 AI
D1-3413 AI
D1-3414 Human
D1-3415 AI
D1-3416 Human
D1-3417 Human
D1-3418 Human
D1-3419 Human
D1-3420 Human
D1-3421 AI
D1-3422 Human
D1-3423 Human
D1-3424 AI
D1-3425 Human
D1-3426 Human
D1-3427 Human
D1-3428 AI
D1-3429 Human
D1-3430 AI
D1-3431 Human
D1-3432 Human
D1-3433 AI
D1-3434 Human
D1-3435 Human
D1-3436 AI
D1-3437 AI
D1-3438 Human
D1-3439 Human
D1-3440 Human
D1-3441 Human
D1-3442 Human
D1-3443 Human
D1-3444 Human
D1-3445 AI
D1-3446 Human
D1-3447 Human
D1-3448 Human
D1-3449 Human
D1-3450 Human
D1-3451 AI
D1-3452 AI
D1-3453 Human
D1-3454 AI
D1-3455 Human
D1-3456 Human
D1-3457 AI
D1-3458 Human
D1-3459 Human
D1-3460 Human
D1-3461 Human
D1-3462 AI
D1-3463 AI
D1-3464 AI
D1-3465 AI
D1-3466 Human
D1-3467 Human
D1-3468 Human
D1-3469 AI
D1-3470 Human
D1-3471 Human
D1-3472 Human
D1-3473 AI
D1-3474 AI
D1-3475 Human
D1-3476 AI
D1-3477 Human
D1-3478 Human
D1-3479 Human
D1-3480 Human
D1-3481 Human
D1-3482 Human
D1-3483 AI
D1-3484 AI
D1-3485 Human
D1-3486 Human
D1-3487 Human
D1-3488 AI
D1-3489 AI
D1-3490 AI
D1-3491 Human
D1-3492 Human
D1-3493 Human
D1-3494 AI
D1-3495 AI
D1-3496 Human
D1-3497 AI
D1-3498 AI
D1-3499 Human
D1-3500 AI
D1-3501 Human
D1-3502 Human
D1-3503 Human
D1-3504 AI
D1-3505 Human
D1-3506 Human
D1-3507 AI
D1-3508 Human
D1-3509 AI
D1-3510 Human
D1-3511 AI
D1-3512 Human
D1-3513 AI
D1-3514 Human
D1-3515 Human
D1-3516 Human
D1-3517 AI
D1-3518 Human
D1-3519 Human
D1-3520 Human
D1-3521 Human
D1-3522 AI
D1-3523 Human
D1-3524 Human
D1-3525 AI
D1-3526 Human
D1-3527 Human
D1-3528 AI
D1-3529 Human
D1-3530 Human
D1-3531 Human
D1-3532 Human
D1-3533 Human
D1-3534 AI
D1-3535 Human
D1-3536 Human
D1-3537 AI
D1-3538 AI
D1-3539 AI
D1-3540 AI
D1-3541 AI
D1-3542 Human
D1-3543 Human
D1-3544 Human
D1-3545 Human
D1-3546 Human
D1-3547 Human
D1-3548 AI
D1-3549 AI
D1-3550 Human
D1-3551 AI
D1-3552 AI
D1-3553 AI
D1-3554 AI
D1-3555 AI
D1-3556 Human
D1-3557 AI
D1-3558 AI
D1-3559 Human
D1-3560 Human
D1-3561 Human
D1-3562 Human
D1-3563 AI
D1-3564 Human
D1-3565 AI
D1-3566 AI
D1-3567 AI
D1-3568 AI
D1-3569 Human
D1-3570 AI
D1-3571 AI
D1-3572 AI
D1-3573 Human
D1-3574 Human
D1-3575 AI
D1-3576 AI
D1-3577 Human
D1-3578 Human
D1-3579 Human
D1-3580 AI
D1-3581 Human
D1-3582 Human
D1-3583 Human
D1-3584 Human
D1-3585 AI
D1-3586 Human
D1-3587 Human
D1-3588 AI
D1-3589 Human
D1-3590 Human
D1-3591 AI
D1-3592 Human
D1-3593 AI
D1-3594 AI
D1-3595 Human
D1-3596 Human
D1-3597 Human
D1-3598 AI
D1-3599 AI
D1-3600 Human
D1-3601 Human
D1-3602 Human
D1-3603 Human
D1-3604 Human
D1-3605 Human
D1-3606 AI
D1-3607 Human
D1-3608 Human
D1-3609 Human
D1-3610 Human
D1-3611 Human
D1-3612 Human
D1-3613 Human
D1-3614 AI
D1-3615 AI
D1-3616 Human
D1-3617 Human
D1-3618 AI
D1-3619 Human
D1-3620 AI
D1-3621 AI
D1-3622 Human
D1-3623 AI
D1-3624 Human
D1-3625 Human
D1-3626 AI
D1-3627 Human
D1-3628 AI
D1-3629 AI
D1-3630 AI
D1-3631 Human
D1-3632 Human
D1-3633 Human
D1-3634 AI
D1-3635 Human
D1-3636 Human
D1-3637 AI
D1-3638 AI
D1-3639 AI
D1-3640 Human
D1-3641 Human
D1-3642 Human
D1-3643 AI
D1-3644 Human
D1-3645 Human
D1-3646 AI
D1-3647 AI
D1-3648 Human
D1-3649 Human
D1-3650 AI
D1-3651 AI
D1-3652 AI
D1-3653 AI
D1-3654 AI
D1-3655 AI
D1-3656 Human
D1-3657 Human
D1-3658 Human
D1-3659 Human
D1-3660 AI
D1-3661 AI
D1-3662 Human
D1-3663 AI
D1-3664 Human
D1-3665 AI
D1-3666 AI
D1-3667 Human
D1-3668 AI
D1-3669 AI
D1-3670 Human
D1-3671 Human
D1-3672 Human
D1-3673 Human
D1-3674 Human
D1-3675 Human
D1-3676 Human
D1-3677 Human
D1-3678 AI
D1-3679 Human
D1-3680 Human
D1-3681 Human
D1-3682 AI
D1-3683 Human
D1-3684 AI
D1-3685 Human
D1-3686 AI
D1-3687 Human
D1-3688 Human
D1-3689 AI
D1-3690 Human
D1-3691 Human
D1-3692 AI
D1-3693 AI
D1-3694 Human
D1-3695 AI
D1-3696 Human
D1-3697 AI
D1-3698 Human
D1-3699 Human
D1-3700 Human
D1-3701 Human
D1-3702 AI
D1-3703 Human
D1-3704 Human
D1-3705 AI
D1-3706 Human
D1-3707 Human
D1-3708 Human
D1-3709 Human
D1-3710 AI
D1-3711 AI
D1-3712 Human
D1-3713 AI
D1-3714 Human
D1-3715 Human
D1-3716 Human
D1-3717 Human
D1-3718 AI
D1-3719 AI
D1-3720 AI
D1-3721 AI
D1-3722 Human
D1-3723 Human
D1-3724 Human
D1-3725 AI
D1-3726 Human
D1-3727 AI
D1-3728 AI
D1-3729 AI
D1-3730 Human
D1-3731 Human
D1-3732 Human
D1-3733 AI
D1-3734 AI
D1-3735 AI
D1-3736 Human
D1-3737 AI
D1-3738 Human
D1-3739 Human
D1-3740 Human
D1-3741 Human
D1-3742 Human
D1-3743 Human
D1-3744 Human
D1-3745 AI
D1-3746 Human
D1-3747 AI
D1-3748 Human
D1-3749 AI
D1-3750 Human
D1-3751 AI
D1-3752 AI
D1-3753 Human
D1-3754 Human
D1-3755 Human
D1-3756 AI
D1-3757 AI
D1-3758 Human
D1-3759 AI
D1-3760 Human
D1-3761 AI
D1-3762 Human
D1-3763 Human
D1-3764 AI
D1-3765 Human
D1-3766 Human
D1-3767 AI
D1-3768 Human
D1-3769 Human
D1-3770 AI
D1-3771 Human
D1-3772 AI
D1-3773 AI
D1-3774 Human
D1-3775 AI
D1-3776 AI
D1-3777 Human
D1-3778 AI
D1-3779 Human
D1-3780 AI
D1-3781 AI
D1-3782 Human
D1-3783 Human
D1-3784 Human
D1-3785 Human
D1-3786 AI
D1-3787 Human
D1-3788 Human
D1-3789 AI
D1-3790 Human
D1-3791 Human
D1-3792 Human
D1-3793 Human
D1-3794 Human
D1-3795 Human
D1-3796 AI
D1-3797 AI
D1-3798 Human
D1-3799 Human
D1-3800 Human
D1-3801 Human
D1-3802 Human
D1-3803 Human
D1-3804 Human
D1-3805 AI
D1-3806 Human
D1-3807 Human
D1-3808 Human
D1-3809 AI
D1-3810 AI
D1-3811 Human
D1-3812 Human
D1-3813 Human
D1-3814 Human
D1-3815 Human
D1-3816 AI
D1-3817 Human
D1-3818 AI
D1-3819 Human
D1-3820 Human
D1-3821 Human
D1-3822 Human
D1-3823 Human
D1-3824 AI
D1-3825 AI
D1-3826 Human
D1-3827 Human
D1-3828 AI
D1-3829 AI
D1-3830 AI
D1-3831 Human
D1-3832 AI
D1-3833 Human
D1-3834 AI
D1-3835 AI
D1-3836 Human
D1-3837 AI
D1-3838 Human
D1-3839 Human
D1-3840 Human
D1-3841 Human
D1-3842 Human
D1-3843 Human
D1-3844 Human
D1-3845 Human
D1-3846 Human
D1-3847 Human
D1-3848 Human
D1-3849 Human
D1-3850 Human
D1-3851 AI
D1-3852 Human
D1-3853 AI
D1-3854 Human
D1-3855 Human
D1-3856 Human
D1-3857 Human
D1-3858 AI
D1-3859 Human
D1-3860 Human
D1-3861 AI
D1-3862 Human
D1-3863 Human
D1-3864 Human
D1-3865 Human
D1-3866 AI
D1-3867 Human
D1-3868 AI
D1-3869 Human
D1-3870 AI
D1-3871 Human
D1-3872 Human
D1-3873 Human
D1-3874 Human
D1-3875 Human
D1-3876 AI
D1-3877 AI
D1-3878 Human
D1-3879 Human
D1-3880 AI
D1-3881 Human
D1-3882 AI
D1-3883 AI
D1-3884 Human
D1-3885 Human
D1-3886 Human
D1-3887 Human
D1-3888 Human
D1-3889 AI
D1-3890 AI
D1-3891 Human
D1-3892 AI
D1-3893 Human
D1-3894 Human
D1-3895 Human
D1-3896 AI
D1-3897 Human
D1-3898 Human
D1-3899 Human
D1-3900 AI
D1-3901 Human
D1-3902 AI
D1-3903 Human
D1-3904 AI
D1-3905 Human
D1-3906 Human
D1-3907 AI
D1-3908 Human
D1-3909 Human
D1-3910 Human
D1-3911 Human
D1-3912 Human
D1-3913 AI
D1-3914 Human
D1-3915 AI
D1-3916 AI
D1-3917 Human
D1-3918 Human
D1-3919 Human
D1-3920 Human
D1-3921 Human
D1-3922 AI
D1-3923 AI
D1-3924 Human
D1-3925 Human
D1-3926 AI
D1-3927 Human
D1-3928 Human
D1-3929 Human
D1-3930 AI
D1-3931 Human
D1-3932 Human
D1-3933 Human
D1-3934 AI
D1-3935 AI
D1-3936 AI
D1-3937 Human
D1-3938 Human
D1-3939 Human
D1-3940 AI
D1-3941 AI
D1-3942 AI
D1-3943 Human
D1-3944 Human
D1-3945 AI
D1-3946 AI
D1-3947 Human
D1-3948 Human
D1-3949 Human
D1-3950 Human
D1-3951 AI
D1-3952 Human
D1-3953 AI
D1-3954 AI
D1-3955 AI
D1-3956 AI
D1-3957 Human
D1-3958 AI
D1-3959 Human
D1-3960 AI
D1-3961 Human
D1-3962 Human
D1-3963 Human
D1-3964 Human
D1-3965 Human
D1-3966 Human
D1-3967 AI
D1-3968 Human
D1-3969 Human
D1-3970 AI
D1-3971 AI
D1-3972 AI
D1-3973 Human
D1-3974 Human
D1-3975 AI
D1-3976 Human
D1-3977 Human
D1-3978 Human
D1-3979 Human
D1-3980 Human
D1-3981 AI
D1-3982 Human
D1-3983 Human
D1-3984 Human
D1-3985 AI
D1-3986 AI
D1-3987 AI
D1-3988 Human
D1-3989 Human
D1-3990 AI
D1-3991 Human
D1-3992 Human
D1-3993 AI
D1-3994 AI
D1-3995 AI
D1-3996 Human
D1-3997 Human
D1-3998 Human
D1-3999 AI
D1-4000 AI
D1-4001 AI
D1-4002 Human
D1-4003 Human
D1-4004 AI
D1-4005 AI
D1-4006 Human
D1-4007 Human
D1-4008 Human
D1-4009 Human
D1-4010 Human
D1-4011 AI
D1-4012 Human
D1-4013 Human
D1-4014 AI
D1-4015 AI
D1-4016 Human
D1-4017 AI
D1-4018 Human
D1-4019 AI
D1-4020 AI
D1-4021 Human
D1-4022 Human
D1-4023 AI
D1-4024 Human
D1-4025 Human
D1-4026 Human
D1-4027 Human
D1-4028 Human
D1-4029 Human
D1-4030 Human
D1-4031 Human
D1-4032 Human
D1-4033 Human
D1-4034 Human
D1-4035 Human
D1-4036 Human
D1-4037 Human
D1-4038 Human
D1-4039 AI
D1-4040 AI
D1-4041 Human
D1-4042 Human
D1-4043 AI
D1-4044 AI
D1-4045 Human
D1-4046 Human
D1-4047 AI
D1-4048 AI
D1-4049 Human
D1-4050 Human
D1-4051 Human
D1-4052 AI
D1-4053 Human
D1-4054 AI
D1-4055 Human
D1-4056 AI
D1-4057 Human
D1-4058 Human
D1-4059 AI
D1-4060 Human
D1-4061 Human
D1-4062 AI
D1-4063 Human
D1-4064 Human
D1-4065 Human
D1-4066 Human
D1-4067 AI
D1-4068 Human
D1-4069 AI
D1-4070 AI
D1-4071 AI
D1-4072 Human
D1-4073 Human
D1-4074 AI
D1-4075 Human
D1-4076 Human
D1-4077 Human
D1-4078 AI
D1-4079 Human
D1-4080 AI
D1-4081 Human
D1-4082 Human
D1-4083 AI
D1-4084 AI
D1-4085 Human
D1-4086 Human
D1-4087 Human
D1-4088 Human
D1-4089 Human
D1-4090 AI
D1-4091 Human
D1-4092 Human
D1-4093 AI
D1-4094 Human
D1-4095 AI
D1-4096 Human
D1-4097 AI
D1-4098 Human
D1-4099 AI
D1-4100 AI
D1-4101 AI
D1-4102 AI
D1-4103 Human
D1-4104 Human
D1-4105 Human
D1-4106 AI
D1-4107 AI
D1-4108 Human
D1-4109 Human
D1-4110 AI
D1-4111 Human
D1-4112 AI
D1-4113 Human
D1-4114 Human
D1-4115 AI
D1-4116 Human
D1-4117 AI
D1-4118 Human
D1-4119 Human
D1-4120 Human
D1-4121 AI
D1-4122 AI
D1-4123 Human
D1-4124 Human
D1-4125 AI
D1-4126 Human
D1-4127 Human
D1-4128 Human
D1-4129 Human
D1-4130 Human
D1-4131 Human
D1-4132 AI
D1-4133 Human
D1-4134 AI
D1-4135 Human
D1-4136 AI
D1-4137 Human
D1-4138 Human
D1-4139 AI
D1-4140 Human
D1-4141 Human
D1-4142 AI
D1-4143 AI
D1-4144 Human
D1-4145 Human
D1-4146 Human
D1-4147 Human
D1-4148 Human
D1-4149 Human
D1-4150 Human
D1-4151 AI
D1-4152 AI
D1-4153 Human
D1-4154 AI
D1-4155 Human
D1-4156 AI
D1-4157 Human
D1-4158 Human
D1-4159 AI
D1-4160 AI
D1-4161 Human
D1-4162 Human
D1-4163 Human
D1-4164 Human
D1-4165 Human
D1-4166 AI
D1-4167 Human
D1-4168 Human
D1-4169 AI
D1-4170 AI
D1-4171 Human
D1-4172 Human
D1-4173 Human
D1-4174 Human
D1-4175 AI
D1-4176 AI
D1-4177 AI
D1-4178 AI
D1-4179 Human
D1-4180 AI
D1-4181 AI
D1-4182 Human
D1-4183 Human
D1-4184 AI
D1-4185 AI
D1-4186 AI
D1-4187 AI
D1-4188 Human
D1-4189 Human
D1-4190 AI
D1-4191 AI
D1-4192 Human
D1-4193 Human
D1-4194 AI
D1-4195 Human
D1-4196 Human
D1-4197 Human
D1-4198 Human
D1-4199 Human
D1-4200 AI
D1-4201 Human
D1-4202 Human
D1-4203 Human
D1-4204 AI
D1-4205 Human
D1-4206 Human
D1-4207 Human
D1-4208 AI
D1-4209 AI
D1-4210 AI
D1-4211 Human
D1-4212 Human
D1-4213 AI
D1-4214 Human
D1-4215 Human
D1-4216 AI
D1-4217 AI
D1-4218 AI
D1-4219 Human
D1-4220 AI
D1-4221 Human
D1-4222 AI
D1-4223 AI
D1-4224 Human
D1-4225 Human
D1-4226 Human
D1-4227 AI
D1-4228 AI
D1-4229 Human
D1-4230 AI
D1-4231 AI
D1-4232 Human
D1-4233 AI
D1-4234 Human
D1-4235 Human
D1-4236 Human
D1-4237 Human
D1-4238 Human
D1-4239 Human
D1-4240 AI
D1-4241 Human
D1-4242 AI
D1-4243 AI
D1-4244 Human
D1-4245 AI
D1-4246 AI
D1-4247 AI
D1-4248 Human
D1-4249 Human
D1-4250 Human
D1-4251 Human
D1-4252 AI
D1-4253 Human
D1-4254 AI
D1-4255 AI
D1-4256 Human
D1-4257 AI
D1-4258 AI
D1-4259 Human
D1-4260 Human
D1-4261 Human
D1-4262 Human
D1-4263 Human
D1-4264 AI
D1-4265 AI
D1-4266 Human
D1-4267 Human
D1-4268 Human
D1-4269 Human
D1-4270 Human
D1-4271 AI
D1-4272 Human
D1-4273 AI
D1-4274 Human
D1-4275 AI
D1-4276 Human
D1-4277 Human
D1-4278 Human
D1-4279 Human
D1-4280 AI
D1-4281 Human
D1-4282 Human
D1-4283 AI
D1-4284 AI
D1-4285 Human
D1-4286 AI
D1-4287 Human
D1-4288 Human
D1-4289 AI
D1-4290 AI
D1-4291 Human
D1-4292 Human
D1-4293 Human
D1-4294 Human
D1-4295 AI
D1-4296 AI
D1-4297 Human
D1-4298 Human
D1-4299 Human
D1-4300 AI
D1-4301 Human
D1-4302 Human
D1-4303 AI
D1-4304 Human
D1-4305 AI
D1-4306 Human
D1-4307 Human
D1-4308 AI
D1-4309 Human
D1-4310 Human
D1-4311 Human
D1-4312 AI
D1-4313 AI
D1-4314 Human
D1-4315 Human
D1-4316 AI
D1-4317 AI
D1-4318 Human
D1-4319 Human
D1-4320 Human
D1-4321 Human
D1-4322 AI
D1-4323 Human
D1-4324 Human
D1-4325 Human
D1-4326 AI
D1-4327 AI
D1-4328 Human
D1-4329 Human
D1-4330 AI
D1-4331 Human
D1-4332 Human
D1-4333 Human
D1-4334 Human
D1-4335 Human
D1-4336 AI
D1-4337 AI
D1-4338 Human
D1-4339 AI
D1-4340 Human
D1-4341 Human
D1-4342 AI
D1-4343 Human
D1-4344 AI
D1-4345 AI
D1-4346 Human
D1-4347 Human
D1-4348 Human
D1-4349 AI
D1-4350 Human
D1-4351 AI
D1-4352 Human
D1-4353 AI
D1-4354 Human
D1-4355 Human
D1-4356 AI
D1-4357 Human
D1-4358 Human
D1-4359 Human
D1-4360 AI
D1-4361 Human
D1-4362 Human
D1-4363 Human
D1-4364 Human
D1-4365 AI
D1-4366 Human
D1-4367 AI
D1-4368 AI
D1-4369 AI
D1-4370 Human
D1-4371 Human
D1-4372 Human
D1-4373 AI
D1-4374 Human
D1-4375 AI
D1-4376 Human
D1-4377 AI
D1-4378 Human
D1-4379 Human
D1-4380 AI
D1-4381 Human
D1-4382 Human
D1-4383 AI
D1-4384 Human
D1-4385 Human
D1-4386 AI
D1-4387 Human
D1-4388 Human
D1-4389 Human
D1-4390 AI
D1-4391 Human
D1-4392 Human
D1-4393 AI
D1-4394 AI
D1-4395 Human
D1-4396 Human
D1-4397 AI
D1-4398 Human
D1-4399 AI
D1-4400 Human
D1-4401 Human
D1-4402 Human
D1-4403 Human
D1-4404 Human
D1-4405 Human
D1-4406 AI
D1-4407 Human
D1-4408 Human
D1-4409 Human
D1-4410 AI
D1-4411 Human
D1-4412 Human
D1-4413 Human
D1-4414 Human
D1-4415 AI
D1-4416 AI
D1-4417 Human
D1-4418 Human
D1-4419 Human
D1-4420 AI
D1-4421 Human
D1-4422 AI
D1-4423 Human
D1-4424 Human
D1-4425 AI
D1-4426 Human
D1-4427 Human
D1-4428 Human
D1-4429 AI
D1-4430 Human
D1-4431 Human
D1-4432 AI
D1-4433 Human
D1-4434 Human
D1-4435 Human
D1-4436 Human
D1-4437 AI
D1-4438 Human
D1-4439 Human
D1-4440 Human
D1-4441 AI
D1-4442 Human
D1-4443 Human
D1-4444 Human
D1-4445 Human
D1-4446 Human
D1-4447 Human
D1-4448 AI
D1-4449 Human
D1-4450 Human
D1-4451 Human
D1-4452 Human
D1-4453 AI
D1-4454 AI
D1-4455 Human
D1-4456 Human
D1-4457 Human
D1-4458 Human
D1-4459 Human
D1-4460 Human
D1-4461 AI
D1-4462 AI
D1-4463 AI
D1-4464 Human
D1-4465 Human
D1-4466 Human
D1-4467 AI
D1-4468 Human
D1-4469 AI
D1-4470 AI
D1-4471 Human
D1-4472 Human
D1-4473 Human
D1-4474 AI
D1-4475 AI
D1-4476 Human
D1-4477 AI
D1-4478 AI
D1-4479 Human
D1-4480 AI
D1-4481 Human
D1-4482 Human
D1-4483 Human
D1-4484 Human
D1-4485 Human
D1-4486 AI
D1-4487 Human
D1-4488 Human
D1-4489 Human
D1-4490 Human
D1-4491 Human
D1-4492 AI
D1-4493 Human
D1-4494 Human
D1-4495 AI
D1-4496 Human
D1-4497 AI
D1-4498 Human
D1-4499 AI
D1-4500 AI
D1-4501 Human
D1-4502 Human
D1-4503 Human
D1-4504 Human
D1-4505 Human
D1-4506 Human
D1-4507 Human
D1-4508 Human
D1-4509 Human
D1-4510 AI
D1-4511 Human
D1-4512 AI
D1-4513 Human
D1-4514 Human
D1-4515 Human
D1-4516 AI
D1-4517 Human
D1-4518 Human
D1-4519 Human
D1-4520 AI
D1-4521 AI
D1-4522 AI
D1-4523 Human
D1-4524 AI
D1-4525 AI
D1-4526 AI
D1-4527 Human
D1-4528 Human
D1-4529 Human
D1-4530 Human
D1-4531 Human
D1-4532 AI
D1-4533 Human
D1-4534 Human
D1-4535 Human
D1-4536 AI
D1-4537 Human
D1-4538 Human
D1-4539 Human
D1-4540 Human
D1-4541 Human
D1-4542 AI
D1-4543 AI
D1-4544 AI
D1-4545 AI
D1-4546 Human
D1-4547 AI
D1-4548 Human
D1-4549 Human
D1-4550 Human
D1-4551 AI
D1-4552 Human
D1-4553 AI
D1-4554 AI
D1-4555 AI
D1-4556 AI
D1-4557 Human
D1-4558 Human
D1-4559 AI
D1-4560 Human
D1-4561 Human
D1-4562 AI
D1-4563 AI
D1-4564 AI
D1-4565 Human
D1-4566 Human
D1-4567 Human
D1-4568 AI
D1-4569 AI
D1-4570 AI
D1-4571 Human
D1-4572 Human
D1-4573 Human
D1-4574 AI
D1-4575 Human
D1-4576 AI
D1-4577 Human
D1-4578 AI
D1-4579 Human
D1-4580 AI
D1-4581 Human
D1-4582 Human
D1-4583 Human
D1-4584 Human
D1-4585 Human
D1-4586 Human
D1-4587 Human
D1-4588 Human
D1-4589 Human
D1-4590 Human
D1-4591 Human
D1-4592 AI
D1-4593 Human
D1-4594 Human
D1-4595 AI
D1-4596 Human
D1-4597 AI
D1-4598 Human
D1-4599 Human
D1-4600 AI
D1-4601 AI
D1-4602 Human
D1-4603 AI
D1-4604 Human
D1-4605 Human
D1-4606 AI
D1-4607 Human
D1-4608 Human
D1-4609 Human
D1-4610 AI
D1-4611 Human
D1-4612 Human
D1-4613 Human
D1-4614 AI
D1-4615 Human
D1-4616 AI
D1-4617 AI
D1-4618 Human
D1-4619 Human
D1-4620 AI
D1-4621 Human
D1-4622 AI
D1-4623 Human
D1-4624 AI
D1-4625 Human
D1-4626 AI
D1-4627 AI
D1-4628 Human
D1-4629 AI
D1-4630 Human
D1-4631 AI
D1-4632 Human
D1-4633 AI
D1-4634 AI
D1-4635 AI
D1-4636 Human
D1-4637 AI
D1-4638 Human
D1-4639 AI
D1-4640 AI
D1-4641 Human
D1-4642 AI
D1-4643 AI
D1-4644 AI
D1-4645 Human
D1-4646 Human
D1-4647 Human
D1-4648 AI
D1-4649 AI
D1-4650 Human
D1-4651 Human
D1-4652 AI
D1-4653 AI
D1-4654 AI
D1-4655 Human
D1-4656 Human
D1-4657 AI
D1-4658 AI
D1-4659 Human
D1-4660 Human
D1-4661 Human
D1-4662 Human
D1-4663 AI
D1-4664 AI
D1-4665 AI
D1-4666 Human
D1-4667 AI
D1-4668 Human
D1-4669 Human
D1-4670 Human
D1-4671 Human
D1-4672 AI
D1-4673 AI
D1-4674 Human
D1-4675 AI
D1-4676 Human
D1-4677 Human
D1-4678 Human
D1-4679 Human
D1-4680 Human
D1-4681 AI
D1-4682 AI
D1-4683 Human
D1-4684 Human
D1-4685 AI
D1-4686 Human
D1-4687 AI
D1-4688 Human
D1-4689 Human
D1-4690 Human
D1-4691 AI
D1-4692 AI
D1-4693 AI
D1-4694 Human
D1-4695 Human
D1-4696 AI
D1-4697 AI
D1-4698 Human
D1-4699 Human
D1-4700 Human
D1-4701 AI
D1-4702 Human
D1-4703 AI
D1-4704 AI
D1-4705 AI
D1-4706 Human
D1-4707 Human
D1-4708 AI
D1-4709 Human
D1-4710 AI
D1-4711 Human
D1-4712 Human
D1-4713 Human
D1-4714 AI
D1-4715 Human
D1-4716 AI
D1-4717 AI
D1-4718 AI
D1-4719 AI
D1-4720 AI
D1-4721 AI
D1-4722 AI
D1-4723 Human
D1-4724 AI
D1-4725 AI
D1-4726 Human
D1-4727 Human
D1-4728 AI
D1-4729 Human
D1-4730 Human
D1-4731 AI
D1-4732 Human
D1-4733 Human
D1-4734 AI
D1-4735 AI
D1-4736 AI
D1-4737 Human
D1-4738 AI
D1-4739 Human
D1-4740 AI
D1-4741 Human
D1-4742 Human
D1-4743 Human
D1-4744 Human
D1-4745 AI
D1-4746 Human
D1-4747 Human
D1-4748 AI
D1-4749 AI
D1-4750 Human
D1-4751 AI
D1-4752 AI
D1-4753 AI
D1-4754 AI
D1-4755 Human
D1-4756 AI
D1-4757 AI
D1-4758 Human
D1-4759 AI
D1-4760 AI
D1-4761 Human
D1-4762 Human
D1-4763 Human
D1-4764 Human
D1-4765 AI
D1-4766 Human
D1-4767 AI
D1-4768 Human
D1-4769 Human
D1-4770 AI
D1-4771 Human
D1-4772 AI
D1-4773 AI
D1-4774 AI
D1-4775 AI
D1-4776 Human
D1-4777 Human
D1-4778 Human
D1-4779 Human
D1-4780 Human
D1-4781 Human
D1-4782 Human
D1-4783 Human
D1-4784 Human
D1-4785 Human
D1-4786 AI
D1-4787 AI
D1-4788 AI
D1-4789 Human
D1-4790 Human
D1-4791 AI
D1-4792 AI
D1-4793 Human
D1-4794 Human
D1-4795 Human
D1-4796 AI
D1-4797 Human
D1-4798 Human
D1-4799 Human
D1-4800 Human
D1-4801 Human
D1-4802 Human
D1-4803 Human
D1-4804 Human
D1-4805 Human
D1-4806 Human
D1-4807 Human
D1-4808 AI
D1-4809 AI
D1-4810 Human
D1-4811 Human
D1-4812 AI
D1-4813 AI
D1-4814 AI
D1-4815 AI
D1-4816 Human
D1-4817 Human
D1-4818 AI
D1-4819 Human
D1-4820 AI
D1-4821 Human
D1-4822 AI
D1-4823 Human
D1-4824 Human
D1-4825 Human
D1-4826 AI
D1-4827 AI
D1-4828 AI
D1-4829 AI
D1-4830 Human
D1-4831 Human
D1-4832 AI
D1-4833 Human
D1-4834 AI
D1-4835 Human
D1-4836 Human
D1-4837 Human
D1-4838 AI
D1-4839 Human
D1-4840 Human
D1-4841 Human
D1-4842 AI
D1-4843 Human
D1-4844 Human
D1-4845 Human
D1-4846 AI
D1-4847 Human
D1-4848 AI
D1-4849 AI
D1-4850 Human
D1-4851 AI
D1-4852 Human
D1-4853 AI
D1-4854 Human
D1-4855 AI
D1-4856 AI
D1-4857 Human
D1-4858 Human
D1-4859 Human
D1-4860 AI
D1-4861 Human
D1-4862 Human
D1-4863 AI
D1-4864 AI
D1-4865 Human
D1-4866 AI
D1-4867 AI
D1-4868 Human
D1-4869 Human
D1-4870 AI
D1-4871 AI
D1-4872 AI
D1-4873 Human
D1-4874 Human
D1-4875 Human
D1-4876 Human
D1-4877 Human
D1-4878 Human
D1-4879 Human
D1-4880 Human
D1-4881 Human
D1-4882 Human
D1-4883 Human
D1-4884 AI
D1-4885 AI
D1-4886 AI
D1-4887 AI
D1-4888 AI
D1-4889 Human
D1-4890 Human
D1-4891 AI
D1-4892 Human
D1-4893 Human
D1-4894 AI
D1-4895 Human
D1-4896 AI
D1-4897 Human
D1-4898 AI
D1-4899 AI
D1-4900 Human
D1-4901 AI
D1-4902 AI
D1-4903 Human
D1-4904 Human
D1-4905 Human
D1-4906 AI
D1-4907 Human
D1-4908 AI
D1-4909 Human
D1-4910 Human
D1-4911 Human
D1-4912 Human
D1-4913 AI
D1-4914 Human
D1-4915 Human
D1-4916 AI
D1-4917 Human
D1-4918 Human
D1-4919 AI
D1-4920 AI
D1-4921 Human
D1-4922 AI
D1-4923 Human
D1-4924 Human
D1-4925 Human
D1-4926 Human
D1-4927 AI
D1-4928 AI
D1-4929 AI
D1-4930 AI
D1-4931 Human
D1-4932 Human
D1-4933 Human
D1-4934 AI
D1-4935 AI
D1-4936 AI
D1-4937 AI
D1-4938 Human
D1-4939 Human
D1-4940 Human
D1-4941 Human
D1-4942 Human
D1-4943 AI
D1-4944 Human
D1-4945 Human
D1-4946 Human
D1-4947 AI
D1-4948 Human
D1-4949 Human
D1-4950 Human
D1-4951 AI
D1-4952 AI
D1-4953 AI
D1-4954 Human
D1-4955 Human
D1-4956 Human
D1-4957 AI
D1-4958 Human
D1-4959 AI
D1-4960 Human
D1-4961 Human
D1-4962 Human
D1-4963 AI
D1-4964 Human
D1-4965 Human
D1-4966 AI
D1-4967 AI
D1-4968 Human
D1-4969 Human
D1-4970 Human
D1-4971 Human
D1-4972 Human
D1-4973 AI
D1-4974 Human
D1-4975 Human
D1-4976 AI
D1-4977 AI
D1-4978 AI
D1-4979 Human
D1-4980 Human
D1-4981 Human
D1-4982 Human
D1-4983 Human
D1-4984 AI
D1-4985 Human
D1-4986 Human
D1-4987 AI
D1-4988 Human
D1-4989 Human
D1-4990 Human
D1-4991 Human
D1-4992 Human
D1-4993 AI
D1-4994 AI
D1-4995 Human
D1-4996 AI
D1-4997 Human
D1-4998 AI
D1-4999 AI
D1-5000 Human
D1-5001 Human
D1-5002 Human
D1-5003 AI
D1-5004 AI
D1-5005 Human
D1-5006 Human
D1-5007 AI
D1-5008 Human
D1-5009 Human
D1-5010 Human
D1-5011 Human
D1-5012 Human
D1-5013 Human
D1-5014 AI
D1-5015 AI
D1-5016 AI
D1-5017 AI
D1-5018 Human
D1-5019 AI
D1-5020 Human
D1-5021 AI
D1-5022 Human
D1-5023 Human
D1-5024 AI
D1-5025 AI
D1-5026 AI
D1-5027 Human
D1-5028 AI
D1-5029 Human
D1-5030 AI
D1-5031 AI
D1-5032 Human
D1-5033 Human
D1-5034 AI
D1-5035 AI
D1-5036 Human
D1-5037 AI
D1-5038 AI
D1-5039 Human
D1-5040 Human
D1-5041 AI
D1-5042 Human
D1-5043 Human
D1-5044 Human
D1-5045 AI
D1-5046 Human
D1-5047 Human
D1-5048 Human
D1-5049 Human
D1-5050 Human
D1-5051 Human
D1-5052 Human
D1-5053 AI
D1-5054 AI
D1-5055 Human
D1-5056 AI
D1-5057 Human
D1-5058 AI
D1-5059 Human
D1-5060 Human
D1-5061 Human
D1-5062 Human
D1-5063 Human
D1-5064 Human
D1-5065 Human
D1-5066 AI
D1-5067 AI
D1-5068 AI
D1-5069 Human
D1-5070 Human
D1-5071 Human
D1-5072 Human
D1-5073 AI
D1-5074 Human
D1-5075 AI
D1-5076 Human
D1-5077 Human
D1-5078 AI
D1-5079 Human
D1-5080 AI
D1-5081 Human
D1-5082 Human
D1-5083 AI
D1-5084 Human
D1-5085 AI
D1-5086 AI
D1-5087 Human
D1-5088 AI
D1-5089 Human
D1-5090 AI
D1-5091 Human
D1-5092 Human
D1-5093 AI
D1-5094 AI
D1-5095 Human
D1-5096 AI
D1-5097 Human
D1-5098 Human
D1-5099 Human
D1-5100 Human
D1-5101 AI
D1-5102 AI
D1-5103 AI
D1-5104 Human
D1-5105 AI
D1-5106 Human
D1-5107 Human
D1-5108 AI
D1-5109 Human
D1-5110 Human
D1-5111 Human
D1-5112 AI
D1-5113 Human
D1-5114 Human
D1-5115 AI
D1-5116 Human
D1-5117 Human
D1-5118 AI
D1-5119 AI
D1-5120 Human
D1-5121 AI
D1-5122 Human
D1-5123 AI
D1-5124 AI
D1-5125 Human
D1-5126 AI
D1-5127 Human
D1-5128 Human
D1-5129 Human
D1-5130 Human
D1-5131 Human
D1-5132 AI
D1-5133 Human
D1-5134 AI
D1-5135 Human
D1-5136 Human
D1-5137 Human
D1-5138 AI
D1-5139 Human
D1-5140 Human
D1-5141 Human
D1-5142 Human
D1-5143 Human
D1-5144 AI
D1-5145 Human
D1-5146 Human
D1-5147 AI
D1-5148 AI
D1-5149 Human
D1-5150 Human
D1-5151 Human
D1-5152 Human
D1-5153 Human
D1-5154 AI
D1-5155 Human
D1-5156 Human
D1-5157 Human
D1-5158 Human
D1-5159 Human
D1-5160 AI
D1-5161 Human
D1-5162 Human
D1-5163 Human
D1-5164 Human
D1-5165 Human
D1-5166 Human
D1-5167 Human
D1-5168 Human
D1-5169 Human
D1-5170 AI
D1-5171 Human
D1-5172 AI
D1-5173 Human
D1-5174 AI
D1-5175 Human
D1-5176 Human
D1-5177 AI
D1-5178 AI
D1-5179 AI
D1-5180 Human
D1-5181 Human
D1-5182 AI
D1-5183 AI
D1-5184 AI
D1-5185 AI
D1-5186 Human
D1-5187 Human
D1-5188 Human
D1-5189 Human
D1-5190 AI
D1-5191 AI
D1-5192 Human
D1-5193 Human
D1-5194 Human
D1-5195 Human
D1-5196 Human
D1-5197 AI
D1-5198 Human
D1-5199 Human
D1-5200 Human
D1-5201 Human
D1-5202 Human
D1-5203 Human
D1-5204 Human
D1-5205 AI
D1-5206 Human
D1-5207 Human
D1-5208 Human
D1-5209 Human
D1-5210 Human
D1-5211 Human
D1-5212 AI
D1-5213 Human
D1-5214 AI
D1-5215 Human
D1-5216 Human
D1-5217 Human
D1-5218 Human
D1-5219 AI
D1-5220 Human
D1-5221 AI
D1-5222 Human
D1-5223 Human
D1-5224 Human
D1-5225 Human
D1-5226 Human
D1-5227 AI
D1-5228 AI
D1-5229 Human
D1-5230 Human
D1-5231 Human
D1-5232 Human
D1-5233 Human
D1-5234 Human
D1-5235 AI
D1-5236 AI
D1-5237 Human
D1-5238 Human
D1-5239 AI
D1-5240 Human
D1-5241 Human
D1-5242 AI
D1-5243 Human
D1-5244 Human
D1-5245 Human
D1-5246 Human
D1-5247 AI
D1-5248 Human
D1-5249 Human
D1-5250 Human
D1-5251 Human
D1-5252 AI
D1-5253 Human
D1-5254 Human
D1-5255 Human
D1-5256 Human
D1-5257 Human
D1-5258 Human
D1-5259 AI
D1-5260 AI
D1-5261 AI
D1-5262 Human
D1-5263 Human
D1-5264 Human
D1-5265 Human
D1-5266 Human
D1-5267 Human
D1-5268 Human
D1-5269 AI
D1-5270 AI
D1-5271 Human
D1-5272 Human
D1-5273 Human
D1-5274 AI
D1-5275 AI
D1-5276 AI
D1-5277 AI
D1-5278 Human
D1-5279 AI
D1-5280 Human
D1-5281 AI
D1-5282 Human
D1-5283 AI
D1-5284 Human
D1-5285 Human
D1-5286 Human
D1-5287 AI
D1-5288 Human
D1-5289 Human
D1-5290 AI
D1-5291 Human
D1-5292 Human
D1-5293 AI
D1-5294 AI
D1-5295 Human
D1-5296 AI
D1-5297 AI
D1-5298 AI
D1-5299 AI
D1-5300 Human
D1-5301 Human
D1-5302 Human
D1-5303 AI
D1-5304 Human
D1-5305 AI
D1-5306 AI
D1-5307 Human
D1-5308 Human
D1-5309 AI
D1-5310 Human
D1-5311 AI
D1-5312 Human
D1-5313 Human
D1-5314 Human
D1-5315 AI
D1-5316 Human
D1-5317 Human
D1-5318 AI
D1-5319 Human
D1-5320 Human
D1-5321 AI
D1-5322 Human
D1-5323 Human
D1-5324 AI
D1-5325 Human
D1-5326 Human
D1-5327 Human
D1-5328 Human
D1-5329 Human
D1-5330 Human
D1-5331 Human
D1-5332 Human
D1-5333 AI
D1-5334 Human
D1-5335 Human
D1-5336 Human
D1-5337 Human
D1-5338 AI
D1-5339 Human
D1-5340 AI
D1-5341 AI
D1-5342 Human
D1-5343 AI
D1-5344 AI
D1-5345 Human
D1-5346 AI
D1-5347 AI
D1-5348 Human
D1-5349 AI
D1-5350 Human
D1-5351 Human
D1-5352 AI
D1-5353 Human
D1-5354 Human
D1-5355 AI
D1-5356 Human
D1-5357 AI
D1-5358 AI
D1-5359 Human
D1-5360 AI
D1-5361 Human
D1-5362 Human
D1-5363 AI
D1-5364 Human
D1-5365 Human
D1-5366 Human
D1-5367 AI
D1-5368 Human
D1-5369 Human
D1-5370 Human
D1-5371 AI
D1-5372 AI
D1-5373 AI
D1-5374 Human
D1-5375 AI
D1-5376 AI
D1-5377 AI
D1-5378 Human
D1-5379 Human
D1-5380 Human
D1-5381 Human
D1-5382 AI
D1-5383 Human
D1-5384 Human
D1-5385 Human
D1-5386 Human
D1-5387 Human
D1-5388 Human
D1-5389 Human
D1-5390 AI
D1-5391 Human
D1-5392 Human
D1-5393 AI
D1-5394 AI
D1-5395 Human
D1-5396 Human
D1-5397 Human
D1-5398 Human
D1-5399 AI
D1-5400 AI
D1-5401 Human
D1-5402 Human
D1-5403 Human
D1-5404 Human
D1-5405 AI
D1-5406 Human
D1-5407 AI
D1-5408 AI
D1-5409 Human
D1-5410 AI
D1-5411 Human
D1-5412 AI
D1-5413 Human
D1-5414 Human
D1-5415 AI
D1-5416 AI
D1-5417 Human
D1-5418 AI
D1-5419 Human
D1-5420 AI
D1-5421 AI
D1-5422 AI
D1-5423 Human
D1-5424 Human
D1-5425 Human
D1-5426 Human
D1-5427 Human
D1-5428 Human
D1-5429 Human
D1-5430 AI
D1-5431 AI
D1-5432 Human
D1-5433 Human
D1-5434 AI
D1-5435 Human
D1-5436 Human
D1-5437 Human
D1-5438 Human
D1-5439 Human
D1-5440 Human
D1-5441 Human
D1-5442 Human
D1-5443 Human
D1-5444 Human
D1-5445 Human
D1-5446 Human
D1-5447 AI
D1-5448 AI
D1-5449 Human
D1-5450 AI
D1-5451 Human
D1-5452 Human
D1-5453 Human
D1-5454 Human
D1-5455 Human
D1-5456 Human
D1-5457 Human
D1-5458 Human
D1-5459 Human
D1-5460 AI
D1-5461 Human
D1-5462 AI
D1-5463 Human
D1-5464 Human
D1-5465 AI
D1-5466 Human
D1-5467 Human
D1-5468 Human
D1-5469 Human
D1-5470 AI
D1-5471 Human
D1-5472 AI
D1-5473 Human
D1-5474 Human
D1-5475 Human
D1-5476 AI
D1-5477 Human
D1-5478 Human
D1-5479 Human
D1-5480 Human
D1-5481 Human
D1-5482 Human
D1-5483 AI
D1-5484 Human
D1-5485 Human
D1-5486 Human
D1-5487 Human
D1-5488 AI
D1-5489 AI
D1-5490 Human
D1-5491 Human
D1-5492 AI
D1-5493 Human
D1-5494 AI
D1-5495 Human
D1-5496 Human
D1-5497 AI
D1-5498 Human
D1-5499 Human
D1-5500 Human
D1-5501 AI
D1-5502 AI
D1-5503 Human
D1-5504 AI
D1-5505 AI
D1-5506 Human
D1-5507 Human
D1-5508 Human
D1-5509 AI
D1-5510 AI
D1-5511 Human
D1-5512 Human
D1-5513 Human
D1-5514 Human
D1-5515 AI
D1-5516 Human
D1-5517 Human
D1-5518 AI
D1-5519 AI
D1-5520 AI
D1-5521 Human
D1-5522 Human
D1-5523 Human
D1-5524 AI
D1-5525 Human
D1-5526 Human
D1-5527 Human
D1-5528 Human
D1-5529 Human
D1-5530 Human
D1-5531 AI
D1-5532 Human
D1-5533 Human
D1-5534 Human
D1-5535 Human
D1-5536 Human
D1-5537 Human
D1-5538 AI
D1-5539 Human
D1-5540 Human
D1-5541 AI
D1-5542 Human
D1-5543 AI
D1-5544 AI
D1-5545 Human
D1-5546 Human
D1-5547 AI
D1-5548 Human
D1-5549 AI
D1-5550 AI
D1-5551 Human
D1-5552 Human
D1-5553 Human
D1-5554 AI
D1-5555 Human
D1-5556 AI
D1-5557 AI
D1-5558 AI
D1-5559 Human
D1-5560 Human
D1-5561 Human
D1-5562 Human
D1-5563 AI
D1-5564 Human
D1-5565 Human
D1-5566 Human
D1-5567 AI
D1-5568 Human
D1-5569 AI
D1-5570 Human
D1-5571 Human
D1-5572 Human
D1-5573 AI
D1-5574 AI
D1-5575 Human
D1-5576 Human
D1-5577 AI
D1-5578 Human
D1-5579 AI
D1-5580 AI
D1-5581 Human
D1-5582 Human
D1-5583 AI
D1-5584 Human
D1-5585 Human
D1-5586 AI
D1-5587 AI
D1-5588 AI
D1-5589 Human
D1-5590 AI
D1-5591 Human
D1-5592 Human
D1-5593 Human
D1-5594 Human
D1-5595 Human
D1-5596 Human
D1-5597 Human
D1-5598 AI
D1-5599 Human
D1-5600 Human
D1-5601 Human
D1-5602 AI
D1-5603 Human
D1-5604 Human
D1-5605 AI
D1-5606 AI
D1-5607 Human
D1-5608 Human
D1-5609 Human
D1-5610 Human
D1-5611 AI
D1-5612 AI
D1-5613 Human
D1-5614 AI
D1-5615 AI
D1-5616 AI
D1-5617 AI
D1-5618 Human
D1-5619 Human
D1-5620 Human
D1-5621 Human
D1-5622 Human
D1-5623 Human
D1-5624 Human
D1-5625 Human
D1-5626 Human
D1-5627 Human
D1-5628 AI
D1-5629 AI
D1-5630 Human
D1-5631 Human
D1-5632 AI
D1-5633 Human
D1-5634 Human
D1-5635 Human
D1-5636 Human
D1-5637 Human
D1-5638 Human
D1-5639 AI
D1-5640 AI
D1-5641 Human
D1-5642 AI
D1-5643 Human
D1-5644 AI
D1-5645 Human
D1-5646 Human
D1-5647 Human
D1-5648 Human
D1-5649 AI
D1-5650 Human
D1-5651 Human
D1-5652 AI
D1-5653 AI
D1-5654 AI
D1-5655 Human
D1-5656 AI
D1-5657 Human
D1-5658 AI
D1-5659 AI
D1-5660 AI
D1-5661 Human
D1-5662 Human
D1-5663 AI
D1-5664 AI
D1-5665 AI
D1-5666 Human
D1-5667 AI
D1-5668 Human
D1-5669 Human
D1-5670 Human
D1-5671 Human
D1-5672 Human
D1-5673 AI
D1-5674 Human
D1-5675 AI
D1-5676 Human
D1-5677 AI
D1-5678 Human
D1-5679 AI
D1-5680 Human
D1-5681 Human
D1-5682 AI
D1-5683 AI
D1-5684 Human
D1-5685 AI
D1-5686 Human
D1-5687 Human
D1-5688 Human
D1-5689 Human
D1-5690 AI
D1-5691 Human
D1-5692 Human
D1-5693 Human
D1-5694 AI
D1-5695 AI
D1-5696 Human
D1-5697 AI
D1-5698 Human
D1-5699 Human
D1-5700 Human
D1-5701 Human
D1-5702 AI
D1-5703 Human
D1-5704 AI
D1-5705 AI
D1-5706 Human
D1-5707 Human
D1-5708 AI
D1-5709 Human
D1-5710 AI
D1-5711 Human
D1-5712 AI
D1-5713 Human
D1-5714 AI
D1-5715 Human
D1-5716 Human
D1-5717 Human
D1-5718 Human
D1-5719 AI
D1-5720 AI
D1-5721 AI
D1-5722 AI
D1-5723 Human
D1-5724 Human
D1-5725 Human
D1-5726 Human
D1-5727 Human
D1-5728 Human
D1-5729 AI
D1-5730 Human
D1-5731 Human
D1-5732 AI
D1-5733 AI
D1-5734 AI
D1-5735 Human
D1-5736 AI
D1-5737 AI
D1-5738 AI
D1-5739 AI
D1-5740 AI
D1-5741 Human
D1-5742 Human
D1-5743 AI
D1-5744 Human
D1-5745 AI
D1-5746 Human
D1-5747 Human
D1-5748 Human
D1-5749 AI
D1-5750 Human
D1-5751 AI
D1-5752 Human
D1-5753 AI
D1-5754 AI
D1-5755 Human
D1-5756 AI
D1-5757 AI
D1-5758 Human
D1-5759 Human
D1-5760 AI
D1-5761 Human
D1-5762 Human
D1-5763 Human
D1-5764 AI
D1-5765 Human
D1-5766 AI
D1-5767 Human
D1-5768 Human
D1-5769 AI
D1-5770 Human
D1-5771 Human
D1-5772 Human
D1-5773 Human
D1-5774 Human
D1-5775 Human
D1-5776 Human
D1-5777 Human
D1-5778 Human
D1-5779 Human
D1-5780 AI
D1-5781 Human
D1-5782 AI
D1-5783 Human
D1-5784 AI
D1-5785 AI
D1-5786 Human
D1-5787 Human
D1-5788 Human
D1-5789 Human
D1-5790 Human
D1-5791 Human
D1-5792 Human
D1-5793 Human
D1-5794 Human
D1-5795 Human
D1-5796 Human
D1-5797 Human
D1-5798 Human
D1-5799 Human
D1-5800 Human
D1-5801 Human
D1-5802 AI
D1-5803 AI
D1-5804 AI
D1-5805 AI
D1-5806 Human
D1-5807 Human
D1-5808 Human
D1-5809 AI
D1-5810 Human
D1-5811 Human
D1-5812 Human
D1-5813 Human
D1-5814 Human
D1-5815 Human
D1-5816 Human
D1-5817 Human
D1-5818 AI
D1-5819 Human
D1-5820 Human
D1-5821 AI
D1-5822 AI
D1-5823 Human
D1-5824 AI
D1-5825 AI
D1-5826 AI
D1-5827 AI
D1-5828 AI
D1-5829 Human
D1-5830 Human
D1-5831 Human
D1-5832 AI
D1-5833 Human
D1-5834 Human
D1-5835 Human
D1-5836 Human
D1-5837 Human
D1-5838 Human
D1-5839 Human
D1-5840 AI
D1-5841 Human
D1-5842 AI
D1-5843 AI
D1-5844 AI
D1-5845 AI
D1-5846 Human
D1-5847 AI
D1-5848 AI
D1-5849 AI
D1-5850 Human
D1-5851 Human
D1-5852 AI
D1-5853 Human
D1-5854 Human
D1-5855 Human
D1-5856 AI
D1-5857 Human
D1-5858 Human
D1-5859 AI
D1-5860 AI
D1-5861 Human
D1-5862 Human
D1-5863 Human
D1-5864 Human
D1-5865 AI
D1-5866 Human
D1-5867 Human
D1-5868 Human
D1-5869 Human
D1-5870 Human
D1-5871 Human
D1-5872 Human
D1-5873 Human
D1-5874 Human
D1-5875 Human
D1-5876 Human
D1-5877 AI
D1-5878 Human
D1-5879 Human
D1-5880 AI
D1-5881 Human
D1-5882 Human
D1-5883 AI
D1-5884 AI
D1-5885 Human
D1-5886 Human
D1-5887 Human
D1-5888 AI
D1-5889 Human
D1-5890 Human
D1-5891 Human
D1-5892 Human
D1-5893 Human
D1-5894 Human
D1-5895 AI
D1-5896 Human
D1-5897 AI
D1-5898 Human
D1-5899 AI
D1-5900 Human
D1-5901 Human
D1-5902 Human
D1-5903 Human
D1-5904 Human
D1-5905 Human
D1-5906 Human
D1-5907 Human
D1-5908 Human
D1-5909 Human
D1-5910 AI
D1-5911 AI
D1-5912 Human
D1-5913 AI
D1-5914 AI
D1-5915 Human
D1-5916 AI
D1-5917 Human
D1-5918 AI
D1-5919 AI
D1-5920 Human
D1-5921 AI
D1-5922 Human
D1-5923 AI
D1-5924 Human
D1-5925 Human
D1-5926 Human
D1-5927 AI
D1-5928 Human
D1-5929 Human
D1-5930 AI
D1-5931 Human
D1-5932 AI
D1-5933 Human
D1-5934 Human
D1-5935 Human
D1-5936 Human
D1-5937 Human
D1-5938 AI
D1-5939 Human
D1-5940 AI
D1-5941 Human
D1-5942 Human
D1-5943 AI
D1-5944 AI
D1-5945 Human
D1-5946 Human
D1-5947 Human
D1-5948 Human
D1-5949 AI
D1-5950 Human
D1-5951 AI
D1-5952 Human
D1-5953 AI
D1-5954 Human
D1-5955 Human
D1-5956 Human
D1-5957 Human
D1-5958 AI
D1-5959 Human
D1-5960 Human
D1-5961 Human
D1-5962 AI
D1-5963 AI
D1-5964 Human
D1-5965 Human
D1-5966 AI
D1-5967 Human
D1-5968 AI
D1-5969 Human
D1-5970 Human
D1-5971 AI
D1-5972 Human
D1-5973 Human
D1-5974 Human
D1-5975 Human
D1-5976 AI
D1-5977 AI
D1-5978 Human
D1-5979 Human
D1-5980 AI
D1-5981 AI
D1-5982 Human
D1-5983 AI
D1-5984 Human
D1-5985 Human
D1-5986 Human
D1-5987 Human
D1-5988 AI
D1-5989 AI
D1-5990 Human
D1-5991 Human
D1-5992 Human
D1-5993 Human
D1-5994 Human
D1-5995 Human
D1-5996 Human
D1-5997 Human
D1-5998 AI
D1-5999 AI
D1-6000 Human
